[{"nombre":"MAIZENA","categoria":"Cereales sin Grasa","calorias":60},{"nombre":"PAN PARA HAMBURGUESA","categoria":"Cereales sin Grasa","calorias":65},{"nombre":"PAN PARA HOT DOG","categoria":"Cereales sin Grasa","calorias":55},{"nombre":"TORTILLA DE HARINA INTEGRAL","categoria":"Cereales sin Grasa","calorias":76},{"nombre":"MANTECA VEGETAL","categoria":"Aceites y Grasas","calorias":38},{"nombre":"AJONJOLÍ","categoria":"Aceites y Grasas con Proteína","calorias":61},{"nombre":"QUESO VEGANO","categoria":"Leguminosas","calorias":90},{"nombre":"JAMÓN VEGANO","categoria":"Leguminosas","calorias":70},{"nombre":"QUINOA","categoria":"Cereales sin Grasa","calorias":74},{"nombre":"TALLARÍN COCIDO","categoria":"Cereales sin Grasa","calorias":55},{"nombre":"SALCHICHA VEGANA","categoria":"Leguminosas","calorias":64},{"nombre":"MOSTAZA","categoria":"Libre","calorias":5},{"nombre":"MAYONESA LIGHT","categoria":"Azucares con Grasa","calorias":93},{"nombre":"MOLE","categoria":"Azucares con Grasa","calorias":79},{"nombre":"AZÚCAR MORENA","categoria":"Azucares sin Grasa","calorias":34},{"nombre":"PURÉ DE CAMOTE","categoria":"Cereales sin Grasa","calorias":60},{"nombre":"TAMAL DE ELOTE","categoria":"Cereales con Grasa","calorias":86},{"nombre":"TAMAL DE QUESO CON RAJAS","categoria":"Cereales con Grasa","calorias":104},{"nombre":"TAMAL ROJO","categoria":"Cereales con Grasa","calorias":103},{"nombre":"TAMAL VERDE","categoria":"Cereales con Grasa","calorias":103},{"nombre":"TEMPEH","categoria":"Leguminosas","calorias":98},{"nombre":"PAN MOLIDO","categoria":"Cereales sin Grasa","calorias":66},{"nombre":"CACAO EN POLVO","categoria":"Aceites y Grasas con Proteína","calorias":67},{"nombre":"TORTILLA DE ARROZ","categoria":"Cereales sin Grasa","calorias":30},{"nombre":"LASAÑA CRUDA","categoria":"Cereales sin Grasa","calorias":68},{"nombre":"MAICENA DE SABOR","categoria":"Cereales sin Grasa","calorias":60},{"nombre":"TARO","categoria":"Cereales sin Grasa","calorias":67},{"nombre":"MIJO COCIDO","categoria":"Cereales sin Grasa","calorias":68},{"nombre":"MIJO CRUDO","categoria":"Cereales sin Grasa","calorias":57},{"nombre":"ÑAME","categoria":"Cereales sin Grasa","calorias":66},{"nombre":"PALITOS DE PAN","categoria":"Cereales sin Grasa","calorias":74},{"nombre":"PAMBAZO","categoria":"Cereales sin Grasa","calorias":67},{"nombre":"PINOLE","categoria":"Cereales sin Grasa","calorias":58},{"nombre":"SORGO","categoria":"Cereales sin Grasa","calorias":61},{"nombre":"TALLARÍN CRUDO","categoria":"Cereales sin Grasa","calorias":74},{"nombre":"TELERA","categoria":"Cereales sin Grasa","calorias":62},{"nombre":"TRIGO","categoria":"Cereales sin Grasa","calorias":71},{"nombre":"YUCA","categoria":"Cereales sin Grasa","calorias":72},{"nombre":"TAMAL DE FRIJOL","categoria":"Cereales con Grasa","calorias":103},{"nombre":"TOFU FRITO","categoria":"Leguminosas","calorias":108},{"nombre":"AJONJOLÍ TOSTADO","categoria":"Aceites y Grasas con Proteína","calorias":75},{"nombre":"PIÑÓN","categoria":"Aceites y Grasas con Proteína","calorias":64},{"nombre":"SALSA BECHAMEL","categoria":"Aceites y Grasas con Proteína","calorias":66},{"nombre":"SALSA PESTO","categoria":"Aceites y Grasas con Proteína","calorias":66},{"nombre":"AZÚCAR GLASS","categoria":"Azucares sin Grasa","calorias":39},{"nombre":"AZÚCAR MASCABADO","categoria":"Azucares sin Grasa","calorias":36},{"nombre":"LECHE CONDENSADA","categoria":"Azucares sin Grasa","calorias":36},{"nombre":"LECHE CONDENSADA LIGHT","categoria":"Azucares sin Grasa","calorias":45},{"nombre":"PILONCILLO","categoria":"Azucares sin Grasa","calorias":36},{"nombre":"TÉ HELADO EN POLVO","categoria":"Azucares sin Grasa","calorias":41},{"nombre":"PIPIÁN","categoria":"Azucares con Grasa","calorias":77},{"nombre":"AJO EN POLVO","categoria":"Libre","calorias":5},{"nombre":"ALBAHACA DESHIDRATADA","categoria":"Libre","calorias":5},{"nombre":"AZAFRÁN","categoria":"Libre","calorias":3},{"nombre":"CAFÉ DE GRANO","categoria":"Libre","calorias":4},{"nombre":"CANELA","categoria":"Libre","calorias":5},{"nombre":"CARDAMOMO","categoria":"Libre","calorias":6},{"nombre":"CEBOLLA EN POLVO","categoria":"Libre","calorias":4},{"nombre":"CHICLE SIN AZÚCAR","categoria":"Libre","calorias":10},{"nombre":"ENELDO","categoria":"Libre","calorias":3},{"nombre":"FLOR DE JAMAICA","categoria":"Libre","calorias":1},{"nombre":"KOLL AID SIN AZÚCAR","categoria":"Libre","calorias":5},{"nombre":"MENTA","categoria":"Libre","calorias":5},{"nombre":"NUEZ MOSCADA","categoria":"Libre","calorias":10},{"nombre":"SUSTITUTO DE AZÚCAR","categoria":"Libre","calorias":0},{"nombre":"ORÉGANO","categoria":"Libre","calorias":6},{"nombre":"PAPRIKA","categoria":"Libre","calorias":6},{"nombre":"PIMIENTA","categoria":"Libre","calorias":5},{"nombre":"RAJA DE CANELA","categoria":"Libre","calorias":6},{"nombre":"RALLADURA DE LIMÓN","categoria":"Libre","calorias":5},{"nombre":"RALLADURA DE NARANJA","categoria":"Libre","calorias":10},{"nombre":"ROMERO","categoria":"Libre","calorias":11},{"nombre":"SAL","categoria":"Libre","calorias":0},{"nombre":"SALSA BBQ","categoria":"Libre","calorias":6},{"nombre":"SALSA INGLESA","categoria":"Libre","calorias":8},{"nombre":"SALSA TABASCO","categoria":"Libre","calorias":1},{"nombre":"SALVIA","categoria":"Libre","calorias":3},{"nombre":"TOMILLO","categoria":"Libre","calorias":7},{"nombre":"VINAGRE","categoria":"Libre","calorias":1},{"nombre":"MEJORANA","categoria":"Libre","calorias":3},{"nombre":"VERDURAS CON CHILE","categoria":"Platillos","calorias":62},{"nombre":"ACEITE DE COCO","categoria":"Aceites y Grasas","calorias":43},{"nombre":"ACEITE DE HÍGADO DE BACALAO","categoria":"Aceites y Grasas","calorias":45},{"nombre":"ACEITE DE PALMA","categoria":"Aceites y Grasas","calorias":44},{"nombre":"ACEITUNAS RELLENAS DE ANCHOAS","categoria":"Aceites y Grasas","calorias":46},{"nombre":"ACEITUNAS RELLENAS DE PIMIENTO","categoria":"Aceites y Grasas","calorias":44},{"nombre":"ACELGA CRUDA","categoria":"Verduras","calorias":22},{"nombre":"ACELGA PICADA COCIDA","categoria":"Verduras","calorias":19},{"nombre":"ACHIOTE","categoria":"Libre","calorias":10},{"nombre":"AGUA DE COCO","categoria":"Frutas","calorias":65},{"nombre":"AGUACHILE DE COLIFLOR","categoria":"Platillos","calorias":337},{"nombre":"ALBÓNDIGAS DE ARROZ Y FRIJOL","categoria":"Platillos","calorias":333},{"nombre":"AMARANTO CON LECHE","categoria":"Platillos","calorias":152},{"nombre":"ARROZ CON CAMARONES","categoria":"Platillos","calorias":352},{"nombre":"ARROZ CON MOLE","categoria":"Platillos","calorias":398},{"nombre":"ARROZ CON VERDURAS","categoria":"Platillos","calorias":431},{"nombre":"ARROZ ORIENTAL","categoria":"Platillos","calorias":327},{"nombre":"ATOLE CON LECHE","categoria":"Platillos","calorias":137},{"nombre":"AVOCADO TOAST","categoria":"Platillos","calorias":252},{"nombre":"BAGEL DE HUMMUS Y AGUACATE","categoria":"Platillos","calorias":312},{"nombre":"BAGEL DE JAMÓN","categoria":"Platillos","calorias":375},{"nombre":"BAGUETE DE VERDURAS","categoria":"Platillos","calorias":354},{"nombre":"BLT","categoria":"Platillos","calorias":276},{"nombre":"BOWL DE SUPERALIMENTOS","categoria":"Platillos","calorias":304},{"nombre":"BURRITO DE FRIJOL Y QUESO","categoria":"Platillos","calorias":280},{"nombre":"BURRITO DE PESCADO","categoria":"Platillos","calorias":178},{"nombre":"BURRITO DE POLLO","categoria":"Platillos","calorias":169},{"nombre":"BURRITO DE VERDURAS","categoria":"Platillos","calorias":151},{"nombre":"BURRITOS DE TOFU","categoria":"Platillos","calorias":371},{"nombre":"CANELONES RELLENOS","categoria":"Platillos","calorias":120},{"nombre":"CANELONES RELLENOS VEGANOS","categoria":"Platillos","calorias":132},{"nombre":"CERDO ORIENTAL","categoria":"Platillos","calorias":233},{"nombre":"CEVICHE DE CAMARÓN","categoria":"Platillos","calorias":305},{"nombre":"CEVICHE DE COLIFLOR","categoria":"Platillos","calorias":67},{"nombre":"CEVICHE DE LENTEJAS","categoria":"Platillos","calorias":142},{"nombre":"CEVICHE DE MANGO","categoria":"Platillos","calorias":274},{"nombre":"CEVICHE DE PALMITO","categoria":"Platillos","calorias":323},{"nombre":"CEVICHE DE SOYA","categoria":"Platillos","calorias":242},{"nombre":"CEVICHE DE TRIGO","categoria":"Platillos","calorias":502},{"nombre":"CHAMPIÑONES EN ESCABECHE","categoria":"Platillos","calorias":158},{"nombre":"CHAMPIÑONES GUISADOS","categoria":"Platillos","calorias":62},{"nombre":"CHILAQUILES EN SALSA DE TOMATE Y SETAS","categoria":"Platillos","calorias":352},{"nombre":"CHILAQUILES ROJOS","categoria":"Platillos","calorias":328},{"nombre":"CHILAQUILES VERDES","categoria":"Platillos","calorias":320},{"nombre":"CHILE MORRÓN GUISADO","categoria":"Platillos","calorias":103},{"nombre":"CHILE RELLENO","categoria":"Platillos","calorias":440},{"nombre":"CHILE RELLENO VEGANO","categoria":"Platillos","calorias":355},{"nombre":"CHIMICHANGAS DE AGUACATE","categoria":"Platillos","calorias":268},{"nombre":"CHIMICHANGAS VEGANAS","categoria":"Platillos","calorias":264},{"nombre":"CHOP SUEY","categoria":"Platillos","calorias":463},{"nombre":"CREMA DE ALMENDRAS","categoria":"Platillos","calorias":143},{"nombre":"CREMA DE ESPINACA Y AGUACATE","categoria":"Platillos","calorias":208},{"nombre":"CREPA DULCE","categoria":"Platillos","calorias":119},{"nombre":"CREPA SALADA","categoria":"Platillos","calorias":96},{"nombre":"EJOTES A LA MEXICANA","categoria":"Platillos","calorias":118},{"nombre":"ENCHILADAS DE FRIJOL","categoria":"Platillos","calorias":254},{"nombre":"ENCHILADAS DE POLLO","categoria":"Platillos","calorias":186},{"nombre":"ENCHILADAS VEGANAS","categoria":"Platillos","calorias":415},{"nombre":"ENFRIJOLADAS","categoria":"Platillos","calorias":280},{"nombre":"ENFRIJOLADAS VEGANAS","categoria":"Platillos","calorias":312},{"nombre":"ENSALADA CAPRESE","categoria":"Platillos","calorias":91},{"nombre":"ENSALADA CON QUESO DE CABRA","categoria":"Platillos","calorias":130},{"nombre":"ENSALADA CÉSAR CON VERDURAS AL GRILL","categoria":"Platillos","calorias":155},{"nombre":"ENSALADA DE BETABEL CON CAMARÓN Y GARBANZO","categoria":"Platillos","calorias":256},{"nombre":"ENSALADA DE GARBANZO","categoria":"Platillos","calorias":569},{"nombre":"ENSALADA DE NOPALES","categoria":"Platillos","calorias":88},{"nombre":"ENSALADA DE POLLO","categoria":"Platillos","calorias":328},{"nombre":"ENSALADA NAVIDEÑA","categoria":"Platillos","calorias":308},{"nombre":"ENTOMATADAS","categoria":"Platillos","calorias":427},{"nombre":"ENTOMATADAS VEGANAS","categoria":"Platillos","calorias":522},{"nombre":"FAJITAS DE POLLO","categoria":"Platillos","calorias":164},{"nombre":"FAJITAS DE SETAS","categoria":"Platillos","calorias":115},{"nombre":"FRIJOLES RANCHEROS VEGANOS","categoria":"Platillos","calorias":447},{"nombre":"HAMBURGUESA","categoria":"Platillos","calorias":600},{"nombre":"HAMBURGUESA CON QUESO","categoria":"Platillos","calorias":528},{"nombre":"HAMBURGUESA DE ATÚN","categoria":"Platillos","calorias":265},{"nombre":"HAMBURGUESA DE CAMARON","categoria":"Platillos","calorias":532},{"nombre":"HAMBURGUESA DE FRIJOLES NEGROS","categoria":"Platillos","calorias":674},{"nombre":"HAMBURGUESA DE PESCADO","categoria":"Platillos","calorias":312},{"nombre":"HAMBURGUESA DE PORTOBELLO","categoria":"Platillos","calorias":289},{"nombre":"HAMBURGUESA DE PORTOBELLO Y SOYA","categoria":"Platillos","calorias":569},{"nombre":"HEALTHY TUNA TACOS","categoria":"Platillos","calorias":339},{"nombre":"HONGOS ESTILO COCHINITA PIBIL","categoria":"Platillos","calorias":182},{"nombre":"HUEVO CON EJOTES","categoria":"Platillos","calorias":202},{"nombre":"JUGO DE MANZANA CON ZANAHORIA Y PEPINO","categoria":"Platillos","calorias":101},{"nombre":"JUGO DE NARANJA CON BETABEL","categoria":"Platillos","calorias":73},{"nombre":"JUGO DE NARANJA CON PAPAYA","categoria":"Platillos","calorias":99},{"nombre":"JUGO DE NARANJA CON ZANAHORIA","categoria":"Platillos","calorias":134},{"nombre":"JUGO DE PEPINO Y MANZANA","categoria":"Platillos","calorias":75},{"nombre":"JUGO DE PIÑA Y MANZANA","categoria":"Platillos","calorias":117},{"nombre":"JUGO DE PIÑA Y PEPINO","categoria":"Platillos","calorias":82},{"nombre":"JUGO DE SANDÍA Y PEPINO","categoria":"Platillos","calorias":113},{"nombre":"LECHE DORADA","categoria":"Platillos","calorias":112},{"nombre":"MARLIN A LA MEXICANA","categoria":"Platillos","calorias":167},{"nombre":"MARLIN EN ESCABECHE","categoria":"Platillos","calorias":164},{"nombre":"MINI SANDWICH GALLETAS MARÍAS","categoria":"Platillos","calorias":259},{"nombre":"MOLLETES","categoria":"Platillos","calorias":428},{"nombre":"MOLLETES VEGANOS","categoria":"Platillos","calorias":530},{"nombre":"MORRÓN RELLENO","categoria":"Platillos","calorias":295},{"nombre":"NACHOS","categoria":"Platillos","calorias":288},{"nombre":"NACHOS VEGANOS","categoria":"Platillos","calorias":410},{"nombre":"NARANJADA MINERAL","categoria":"Platillos","calorias":112},{"nombre":"NARANJADA NATURAL","categoria":"Platillos","calorias":110},{"nombre":"NOPALES A LA MEXICANA","categoria":"Platillos","calorias":117},{"nombre":"OMELET CON NOPALES","categoria":"Platillos","calorias":130},{"nombre":"OMELET DE CHAMPIÑONES","categoria":"Platillos","calorias":77},{"nombre":"OMELET DE ESPINACA","categoria":"Platillos","calorias":122},{"nombre":"OMELET DE RAJAS","categoria":"Platillos","calorias":128},{"nombre":"PAPA CON CHILE POBLANO","categoria":"Platillos","calorias":264},{"nombre":"PAPA GUISADA","categoria":"Platillos","calorias":241},{"nombre":"PAPA LOCA","categoria":"Platillos","calorias":608},{"nombre":"PARFAIT CON GRANOLA Y FRUTAS","categoria":"Platillos","calorias":302},{"nombre":"PASTA ALFREDO CON POLLO Y BRÓCOLI","categoria":"Platillos","calorias":392},{"nombre":"PASTA CON ATÚN","categoria":"Platillos","calorias":317},{"nombre":"PASTA CON CAMARONES","categoria":"Platillos","calorias":294},{"nombre":"PASTA CON CHAMPIÑONES","categoria":"Platillos","calorias":270},{"nombre":"PASTA DE CODITO CON ESPINACA","categoria":"Platillos","calorias":206},{"nombre":"PECHUGAS RELLENAS","categoria":"Platillos","calorias":242},{"nombre":"PESCADO EMPAPELADO","categoria":"Platillos","calorias":102},{"nombre":"PICADILLO","categoria":"Platillos","calorias":338},{"nombre":"PICADILLO DE CHAMPIÑONES","categoria":"Platillos","calorias":168},{"nombre":"PINK LEMONADE","categoria":"Platillos","calorias":146},{"nombre":"POKE BOWL","categoria":"Platillos","calorias":425},{"nombre":"POLLO EN MOLE","categoria":"Platillos","calorias":238},{"nombre":"POLLO EN PIPIÁN","categoria":"Platillos","calorias":117},{"nombre":"PORTOBELLOS GRATINADOS CON BROCOLI","categoria":"Platillos","calorias":268},{"nombre":"POZOLE","categoria":"Platillos","calorias":268},{"nombre":"PUDÍN DE AVENA","categoria":"Platillos","calorias":287},{"nombre":"PUDÍN DE ZANAHORIA","categoria":"Platillos","calorias":262},{"nombre":"QUESADILLA","categoria":"Platillos","calorias":170},{"nombre":"QUESADILLA CON CARNE","categoria":"Platillos","calorias":212},{"nombre":"QUESADILLA VEGANA","categoria":"Platillos","calorias":166},{"nombre":"QUESO COTTAGE CON TOSTADAS","categoria":"Platillos","calorias":274},{"nombre":"QUINOA CON GARBANZO","categoria":"Platillos","calorias":283},{"nombre":"ROLLITO PRIMAVERA","categoria":"Platillos","calorias":152},{"nombre":"ROLLITOS DE JAMÓN","categoria":"Platillos","calorias":122},{"nombre":"SALMÓN CON VERDURAS ROSTIZADAS","categoria":"Platillos","calorias":151},{"nombre":"SINCRONIZADAS","categoria":"Platillos","calorias":192},{"nombre":"SOPA DE FIDEO","categoria":"Platillos","calorias":137},{"nombre":"SOPA DE TORTILLA","categoria":"Platillos","calorias":353},{"nombre":"SOPA DE TORTILLA VEGANA","categoria":"Platillos","calorias":338},{"nombre":"SOPA DE VERDURAS","categoria":"Platillos","calorias":160},{"nombre":"SOPE DE NOPALES","categoria":"Platillos","calorias":149},{"nombre":"SUSHI NATURAL","categoria":"Platillos","calorias":224},{"nombre":"SÁNDWICH DE JAMÓN VEGANO","categoria":"Platillos","calorias":247},{"nombre":"SÁNDWICH DE REQUESÓN Y PEPINO","categoria":"Platillos","calorias":163},{"nombre":"TACO DE CAMARÓN","categoria":"Platillos","calorias":142},{"nombre":"TACO DE PESCADO","categoria":"Platillos","calorias":144},{"nombre":"TACO DE RAJAS","categoria":"Platillos","calorias":244},{"nombre":"TACO DE SOYA","categoria":"Platillos","calorias":206},{"nombre":"TACOS DE ASADA","categoria":"Platillos","calorias":268},{"nombre":"TACOS DE BARBACOA","categoria":"Platillos","calorias":327},{"nombre":"TACOS DE FRIJOLES","categoria":"Platillos","calorias":345},{"nombre":"TACOS DE JAMAICA","categoria":"Platillos","calorias":130},{"nombre":"TACOS DE LENGUA","categoria":"Platillos","calorias":401},{"nombre":"TACOS DE PAPA","categoria":"Platillos","calorias":224},{"nombre":"TACOS DE PESCADO","categoria":"Platillos","calorias":339},{"nombre":"TACOS DE POLLO","categoria":"Platillos","calorias":148},{"nombre":"TACOS DE PORTOBELLO","categoria":"Platillos","calorias":238},{"nombre":"TACOS DE TINGA DE ZANAHORIA","categoria":"Platillos","calorias":156},{"nombre":"TACOS DE TRIPA","categoria":"Platillos","calorias":217},{"nombre":"TACOS DORADOS AL HORNO","categoria":"Platillos","calorias":240},{"nombre":"TACOS DORADOS VEGANOS","categoria":"Platillos","calorias":328},{"nombre":"TALLARINES CON CAMARONES","categoria":"Platillos","calorias":280},{"nombre":"TALLARINES CON VERDURAS","categoria":"Platillos","calorias":219},{"nombre":"TAPAS DE QUESO CABRA","categoria":"Platillos","calorias":282},{"nombre":"TAPAS VEGANAS","categoria":"Platillos","calorias":227},{"nombre":"TOFU CON TOTOPOS Y FRIJOLES","categoria":"Platillos","calorias":512},{"nombre":"TORTA DE JAMÓN","categoria":"Platillos","calorias":398},{"nombre":"TORTA DE PIERNA","categoria":"Platillos","calorias":481},{"nombre":"TORTA VEGANA","categoria":"Platillos","calorias":461},{"nombre":"TOSTADAS CON REQUESÓN","categoria":"Platillos","calorias":213},{"nombre":"TOSTADAS DE FRIJOL","categoria":"Platillos","calorias":514},{"nombre":"TOSTADAS DE POLLO","categoria":"Platillos","calorias":312},{"nombre":"TOSTADAS DE TINGA DE ZANAHORIA","categoria":"Platillos","calorias":306},{"nombre":"TÉ CHAI","categoria":"Platillos","calorias":113},{"nombre":"VERDURAS ROSTIZADAS","categoria":"Platillos","calorias":110},{"nombre":"ALCACHOFA MEDIANA COCIDA","categoria":"Verduras","calorias":25},{"nombre":"ALFALFA","categoria":"Verduras","calorias":27},{"nombre":"APIO COCIDO","categoria":"Verduras","calorias":14},{"nombre":"APIO CRUDO","categoria":"Verduras","calorias":22},{"nombre":"ARÚGULA CRUDA","categoria":"Verduras","calorias":20},{"nombre":"BERENJENA PICADA COCIDA","categoria":"Verduras","calorias":26},{"nombre":"BERRO CRUDO","categoria":"Verduras","calorias":17},{"nombre":"BETABEL CRUDO","categoria":"Verduras","calorias":19},{"nombre":"BETABEL CRUDO RALLADO","categoria":"Verduras","calorias":18},{"nombre":"BLEDOS CRUDOS","categoria":"Verduras","calorias":27},{"nombre":"BRÓCOLI COCIDO","categoria":"Verduras","calorias":26},{"nombre":"BRÓCOLI CRUDO","categoria":"Verduras","calorias":19},{"nombre":"CALABACITA ALARGADA CRUDA","categoria":"Verduras","calorias":21},{"nombre":"CALABACITA REDONDA CRUDA","categoria":"Verduras","calorias":18},{"nombre":"CALABAZA DE CASTILLA COCIDA","categoria":"Verduras","calorias":22},{"nombre":"CEBOLLA BLANCA","categoria":"Verduras","calorias":23},{"nombre":"CEBOLLA COCIDA","categoria":"Verduras","calorias":23},{"nombre":"CEBOLLA MORADA REBANADA","categoria":"Verduras","calorias":20},{"nombre":"CEBOLLITA CAMBRAY","categoria":"Verduras","calorias":23},{"nombre":"CEBOLLITAS EN SALMUERA","categoria":"Verduras","calorias":24},{"nombre":"CHAMPIÑON COCIDO REBANADO","categoria":"Verduras","calorias":55},{"nombre":"CHAMPIÑÓN COCIDO ENTERO","categoria":"Verduras","calorias":20},{"nombre":"CHAMPIÑÓN CRUDO ENTERO","categoria":"Verduras","calorias":20},{"nombre":"COL MORADA CRUDA PICADA","categoria":"Verduras","calorias":17},{"nombre":"COL CRUDA PICADA","categoria":"Verduras","calorias":27},{"nombre":"COL COCIDA PICADA","categoria":"Verduras","calorias":17},{"nombre":"CLAVITO (HONGO) CRUDO","categoria":"Verduras","calorias":28},{"nombre":"CILANTRO","categoria":"Verduras","calorias":24},{"nombre":"CHÍCHARO EN VAINA COCIDO","categoria":"Verduras","calorias":21},{"nombre":"CHÍCHARO CRUDO CON VAINA","categoria":"Verduras","calorias":22},{"nombre":"CHILES SECOS","categoria":"Verduras","calorias":23},{"nombre":"CHILE SERRANO","categoria":"Verduras","calorias":2},{"nombre":"CHILE POBLANO","categoria":"Verduras","calorias":20},{"nombre":"CHILE JALAPEÑO","categoria":"Verduras","calorias":23},{"nombre":"CHILE HABANERO","categoria":"Verduras","calorias":25},{"nombre":"CHILE DE ARBOL SECO","categoria":"Verduras","calorias":21},{"nombre":"CHILE CUARESMEÑO","categoria":"Verduras","calorias":16},{"nombre":"CHILE CRISTALINO","categoria":"Verduras","calorias":20},{"nombre":"CHILE COSTEÑO","categoria":"Verduras","calorias":17},{"nombre":"CHILE CHIPOTLE SECO","categoria":"Verduras","calorias":106},{"nombre":"CHILE CHILACA","categoria":"Verduras","calorias":20},{"nombre":"CHILACAYOTE CRUDO","categoria":"Verduras","calorias":19},{"nombre":"CHILACAS CRUDAS","categoria":"Verduras","calorias":24},{"nombre":"CHICORIA CRUDA","categoria":"Verduras","calorias":24},{"nombre":"CHEPIL CRUDO","categoria":"Verduras","calorias":26},{"nombre":"CHAYOTE CRUDO","categoria":"Verduras","calorias":19},{"nombre":"CHAYOTE COCIDO PICADO","categoria":"Verduras","calorias":19},{"nombre":"CHAMPIÑÓN CRUDO REBANADO","categoria":"Verduras","calorias":23},{"nombre":"FRIJOLILLO","categoria":"Verduras","calorias":25},{"nombre":"FLOR DE YUCA CRUDA","categoria":"Verduras","calorias":29},{"nombre":"FLOR DE MAGUEY CRUDA","categoria":"Verduras","calorias":21},{"nombre":"FLOR DE GARAMBULLO CRUDA","categoria":"Verduras","calorias":19},{"nombre":"FLOR DE COLORÍN CRUDA","categoria":"Verduras","calorias":24},{"nombre":"FLOR DE COLORÍN COCIDA","categoria":"Verduras","calorias":24},{"nombre":"FLOR DE CALABAZA CRUDA PICADA","categoria":"Verduras","calorias":20},{"nombre":"FLOR DE CALABAZA COCIDA","categoria":"Verduras","calorias":20},{"nombre":"ESPINACA COCIDA","categoria":"Verduras","calorias":21},{"nombre":"ENDIVIA CRUDA","categoria":"Verduras","calorias":26},{"nombre":"ELOTITOS DE CAMBRAY","categoria":"Verduras","calorias":26},{"nombre":"EJOTES COCIDOS","categoria":"Verduras","calorias":22},{"nombre":"ECHALOT","categoria":"Verduras","calorias":25},{"nombre":"CUITLACOCHE COCIDO","categoria":"Verduras","calorias":20},{"nombre":"CRUCETAS CRUDAS","categoria":"Verduras","calorias":21},{"nombre":"CORAZÓN DE PALMITO CRUDO","categoria":"Verduras","calorias":27},{"nombre":"CORAZÓN DE LECHUGA CRUDO","categoria":"Verduras","calorias":12},{"nombre":"CORAZÓN DE ALCACHOFA CRUDO","categoria":"Verduras","calorias":16},{"nombre":"COLINABO CRUDO","categoria":"Verduras","calorias":22},{"nombre":"COLIFLOR VERDE CRUDA","categoria":"Verduras","calorias":21},{"nombre":"COLIFLOR VERDE COCIDA","categoria":"Verduras","calorias":22},{"nombre":"COLIFLOR CRUDA","categoria":"Verduras","calorias":30},{"nombre":"COLIFLOR COCIDA","categoria":"Verduras","calorias":21},{"nombre":"COLECITAS DE BRUSELAS COCIDAS","categoria":"Verduras","calorias":23},{"nombre":"PEPINILLOS DULCES","categoria":"Verduras","calorias":20},{"nombre":"PEPINILLOS CRUDOS","categoria":"Verduras","calorias":23},{"nombre":"PAPILLA DE VERDURAS MIXTAS","categoria":"Verduras","calorias":19},{"nombre":"PAPALOQUELITE CRUDO","categoria":"Verduras","calorias":24},{"nombre":"PALMITO ENLATADO","categoria":"Verduras","calorias":30},{"nombre":"NOPALES","categoria":"Verduras","calorias":22},{"nombre":"NOPAL CRUDO DE CAMBRAY","categoria":"Verduras","calorias":27},{"nombre":"NOPAL CRUDO","categoria":"Verduras","calorias":22},{"nombre":"NABO COCIDO","categoria":"Verduras","calorias":22},{"nombre":"MORILLAS FRESCAS","categoria":"Verduras","calorias":25},{"nombre":"MORILLAS DESHIDRATADAS","categoria":"Verduras","calorias":27},{"nombre":"MEZCLA DE VERDURAS CONGELADAS SIN SAL","categoria":"Verduras","calorias":30},{"nombre":"MALVA","categoria":"Verduras","calorias":34},{"nombre":"LECHUGA","categoria":"Verduras","calorias":23},{"nombre":"JUGO DE VERDURAS","categoria":"Verduras","calorias":23},{"nombre":"JUGO DE TOMATE","categoria":"Verduras","calorias":23},{"nombre":"JITOMATE GUAJE","categoria":"Verduras","calorias":22},{"nombre":"HUAUZONTLE","categoria":"Verduras","calorias":24},{"nombre":"HONGO SHIITAKE DESHIDRATADO","categoria":"Verduras","calorias":16},{"nombre":"HOJAS DE DIENTE DE LEÓN","categoria":"Verduras","calorias":24},{"nombre":"GERMEN DE SOYA COCIDO","categoria":"Verduras","calorias":25},{"nombre":"GERMEN DE LENTEJA CRUDO","categoria":"Verduras","calorias":20},{"nombre":"VERDOLAGA COCIDA","categoria":"Verduras","calorias":21},{"nombre":"TOMATILLO","categoria":"Verduras","calorias":21},{"nombre":"TOMATE CHERRY","categoria":"Verduras","calorias":17},{"nombre":"TOMATE","categoria":"Verduras","calorias":19},{"nombre":"SETAS CRUDAS","categoria":"Verduras","calorias":23},{"nombre":"SETAS","categoria":"Verduras","calorias":21},{"nombre":"SEMILLAS DE GUAJE VERDE","categoria":"Verduras","calorias":28},{"nombre":"SALSIFÍ","categoria":"Verduras","calorias":18},{"nombre":"SALSA DE CHILE","categoria":"Verduras","calorias":28},{"nombre":"RÁBANOS","categoria":"Verduras","calorias":87},{"nombre":"ROMERITOS CRUDOS","categoria":"Verduras","calorias":26},{"nombre":"REPOLLO","categoria":"Verduras","calorias":20},{"nombre":"QUELITE CRUDO","categoria":"Verduras","calorias":26},{"nombre":"PURÉ DE TOMATE ENLATADO","categoria":"Verduras","calorias":24},{"nombre":"PUERRO HERVIDO SIN SAL","categoria":"Verduras","calorias":19},{"nombre":"PUERRO CRUDO","categoria":"Verduras","calorias":14},{"nombre":"PORTOBELLO","categoria":"Verduras","calorias":21},{"nombre":"PORO CRUDO","categoria":"Verduras","calorias":21},{"nombre":"PORO","categoria":"Verduras","calorias":21},{"nombre":"PIMIENTO VERDE CRUDO CHICO","categoria":"Verduras","calorias":17},{"nombre":"PIMIENTO CRUDO ROJO CHICO","categoria":"Verduras","calorias":17},{"nombre":"PIMIENTO COCIDO","categoria":"Verduras","calorias":19},{"nombre":"PIMIENTO AMARILLO CRUDO CHICO","categoria":"Verduras","calorias":17},{"nombre":"PIMIENTO","categoria":"Verduras","calorias":17},{"nombre":"PEREJIL CRUDO PICADO","categoria":"Verduras","calorias":22},{"nombre":"VERDOLAGA CRUDA LIMPIA","categoria":"Verduras","calorias":19},{"nombre":"XOCONOSTLE","categoria":"Verduras","calorias":18},{"nombre":"YEMITAS (HONGO) CRUDAS","categoria":"Verduras","calorias":20},{"nombre":"YERBAMOTA CRUDA","categoria":"Verduras","calorias":21},{"nombre":"ZANAHORIA","categoria":"Verduras","calorias":26},{"nombre":"ZANAHORIA MINIATURA CRUDA","categoria":"Verduras","calorias":16},{"nombre":"ZANAHORIA RALLADA CRUDA","categoria":"Verduras","calorias":23},{"nombre":"ALBARICOQUE EN ALMÍBAR","categoria":"Frutas","calorias":54},{"nombre":"ALBARICOQUE EN MITADES ENLATADOS EN JUGO","categoria":"Frutas","calorias":59},{"nombre":"ALBARICOQUE ENLATADO EN MITADES ENLATADOS EN AGUA","categoria":"Frutas","calorias":61},{"nombre":"ANONA","categoria":"Frutas","calorias":59},{"nombre":"ARÁNDANO FRESCO","categoria":"Frutas","calorias":68},{"nombre":"ARÁNDANO SECO EN AZÚCAR","categoria":"Frutas","calorias":51},{"nombre":"BLUEBERRIES","categoria":"Frutas","calorias":61},{"nombre":"BLUEBERRIES CONGELADAS","categoria":"Frutas","calorias":59},{"nombre":"BLUEBERRIES CONGELADAS CON AZÚCAR","categoria":"Frutas","calorias":47},{"nombre":"BLUEBERRIES EN ALMÍBAR","categoria":"Frutas","calorias":56},{"nombre":"CAIMITO BLANCO O MORADO","categoria":"Frutas","calorias":68},{"nombre":"CARAMBOLA","categoria":"Frutas","calorias":53},{"nombre":"CAÑA DE AZÚCAR","categoria":"Frutas","calorias":64},{"nombre":"CEREZA","categoria":"Frutas","calorias":56},{"nombre":"CEREZAS CONGELADAS","categoria":"Frutas","calorias":71},{"nombre":"CEREZAS EN ALMÍBAR","categoria":"Frutas","calorias":58},{"nombre":"CHABACANO","categoria":"Frutas","calorias":61},{"nombre":"CHAGUA","categoria":"Frutas","calorias":114},{"nombre":"CHICOZAPOTE","categoria":"Frutas","calorias":62},{"nombre":"CIRICOTE","categoria":"Frutas","calorias":59},{"nombre":"CIRUELA","categoria":"Frutas","calorias":73},{"nombre":"CIRUELA PASA DESHUESADA","categoria":"Frutas","calorias":60},{"nombre":"COCKTAIL DE FRUTAS EN ALMÍBAR","categoria":"Frutas","calorias":44},{"nombre":"COCKTAIL DE FRUTAS ENLATADO EN AGUA","categoria":"Frutas","calorias":38},{"nombre":"JUGO DE LIMÓN","categoria":"Frutas","calorias":45},{"nombre":"JINICUIL","categoria":"Frutas","calorias":73},{"nombre":"HIGO DESHIDRATADO","categoria":"Frutas","calorias":47},{"nombre":"HIGO","categoria":"Frutas","calorias":53},{"nombre":"GROSELLAS EN ALMÍBAR","categoria":"Frutas","calorias":46},{"nombre":"GROSELLAS","categoria":"Frutas","calorias":66},{"nombre":"GRANADA ROJA","categoria":"Frutas","calorias":44},{"nombre":"GRANADA CHINA","categoria":"Frutas","calorias":65},{"nombre":"FRESAS CONGELADAS SIN AZÚCAR","categoria":"Frutas","calorias":39},{"nombre":"DÁTIL","categoria":"Frutas","calorias":46},{"nombre":"DURAZNO EN ALMÍBAR","categoria":"Frutas","calorias":68},{"nombre":"DURAZNO","categoria":"Frutas","calorias":60},{"nombre":"COCOYOL","categoria":"Frutas","calorias":74},{"nombre":"MARAÑÓN FRESCO","categoria":"Frutas","calorias":62},{"nombre":"MARACUYÁ REBANADO","categoria":"Frutas","calorias":66},{"nombre":"MARACUYÁ","categoria":"Frutas","calorias":51},{"nombre":"MANZANA EN ALMÍBAR","categoria":"Frutas","calorias":54},{"nombre":"MANGO EN ALMÍBAR ENLATADO","categoria":"Frutas","calorias":56},{"nombre":"LIMÓN REAL","categoria":"Frutas","calorias":31},{"nombre":"LIMA","categoria":"Frutas","calorias":44},{"nombre":"PIÑA REBANADA","categoria":"Frutas","calorias":42},{"nombre":"PIÑA EN ALMÍBAR","categoria":"Frutas","calorias":42},{"nombre":"PIÑA","categoria":"Frutas","calorias":62},{"nombre":"PITAHAYA","categoria":"Frutas","calorias":52},{"nombre":"PERA PICADA","categoria":"Frutas","calorias":63},{"nombre":"PERA EN ALMÍBAR","categoria":"Frutas","calorias":44},{"nombre":"PERA DESHIDRATADA","categoria":"Frutas","calorias":46},{"nombre":"PASAS","categoria":"Frutas","calorias":59},{"nombre":"PAPILLA DE PERA Y PIÑA","categoria":"Frutas","calorias":57},{"nombre":"PAPILLA DE PERA","categoria":"Frutas","calorias":56},{"nombre":"PAPILLA DE MANZANA","categoria":"Frutas","calorias":61},{"nombre":"PAPILLA DE FRUTAS MIXTAS","categoria":"Frutas","calorias":59},{"nombre":"PAPILLA DE DURAZNO","categoria":"Frutas","calorias":63},{"nombre":"PAPAYA HAWAIANA","categoria":"Frutas","calorias":45},{"nombre":"PAPAYA","categoria":"Frutas","calorias":55},{"nombre":"NÍSPERO DEL JAPÓN","categoria":"Frutas","calorias":52},{"nombre":"NÍSPERO","categoria":"Frutas","calorias":59},{"nombre":"NECTARINA","categoria":"Frutas","calorias":54},{"nombre":"NARANJA","categoria":"Frutas","calorias":72},{"nombre":"NANCHE AGRIO","categoria":"Frutas","calorias":66},{"nombre":"MEMBRILLO","categoria":"Frutas","calorias":56},{"nombre":"TORONJA","categoria":"Frutas","calorias":54},{"nombre":"TEJOCOTE","categoria":"Frutas","calorias":52},{"nombre":"TANGERINA","categoria":"Frutas","calorias":56},{"nombre":"TAMARINDO","categoria":"Frutas","calorias":60},{"nombre":"SEMMILLA DE JINICUIL","categoria":"Frutas","calorias":58},{"nombre":"SARAMUYO","categoria":"Frutas","calorias":63},{"nombre":"SANDÍA REBANADA","categoria":"Frutas","calorias":60},{"nombre":"RAMBUTÁN EN ALMÍBAR","categoria":"Frutas","calorias":44},{"nombre":"RAMBUTÁN","categoria":"Frutas","calorias":55},{"nombre":"PURÉ DE PLÁTANO","categoria":"Frutas","calorias":50},{"nombre":"PURÉ DE MANZANA","categoria":"Frutas","calorias":63},{"nombre":"PURÉ DE GUAYABA","categoria":"Frutas","calorias":49},{"nombre":"PURÉ DE CIRUELA PASA","categoria":"Frutas","calorias":51},{"nombre":"PULPA DE ZAPOTE NEGRO","categoria":"Frutas","calorias":59},{"nombre":"PULPA DE TAMARINDO","categoria":"Frutas","calorias":57},{"nombre":"PULPA DE MAMEY","categoria":"Frutas","calorias":52},{"nombre":"PULPA DE GUANÁBANA","categoria":"Frutas","calorias":45},{"nombre":"PULPA DE FRESA","categoria":"Frutas","calorias":44},{"nombre":"POMELO","categoria":"Frutas","calorias":58},{"nombre":"POMAROSA","categoria":"Frutas","calorias":60},{"nombre":"PLÁTANO MACHO REBANADO","categoria":"Frutas","calorias":99},{"nombre":"PLÁTANO MACHO","categoria":"Frutas","calorias":95},{"nombre":"PLÁTANO MACHACADO","categoria":"Frutas","calorias":50},{"nombre":"PLÁTANO DESHIDRATADO","categoria":"Frutas","calorias":69},{"nombre":"ZARZAMORA EN ALMÍBAR","categoria":"Frutas","calorias":59},{"nombre":"ZARZAMORA CONGELADA","categoria":"Frutas","calorias":49},{"nombre":"ZARAZAMORA","categoria":"Frutas","calorias":75},{"nombre":"ZAPOTE","categoria":"Frutas","calorias":68},{"nombre":"XOCOYOL","categoria":"Frutas","calorias":56},{"nombre":"TUNA PICADA","categoria":"Frutas","calorias":62},{"nombre":"TUNA","categoria":"Frutas","calorias":56},{"nombre":"TORONJAS EN ALMÍBAR","categoria":"Frutas","calorias":76},{"nombre":"ALEGRÍA NATURAL","categoria":"Cereales sin Grasa","calorias":74},{"nombre":"ALEGRÍA TOSTADA","categoria":"Cereales sin Grasa","calorias":63},{"nombre":"AMARANTO","categoria":"Cereales sin Grasa","calorias":63},{"nombre":"AMARANTO COCIDO","categoria":"Cereales sin Grasa","calorias":70},{"nombre":"ARROZ CRUDO","categoria":"Cereales sin Grasa","calorias":72},{"nombre":"ARROZ INFLADO CON COCOA","categoria":"Cereales sin Grasa","calorias":64},{"nombre":"ARROZ INFLADO NATURAL","categoria":"Cereales sin Grasa","calorias":65},{"nombre":"ARROZ INTEGRAL","categoria":"Cereales sin Grasa","calorias":73},{"nombre":"ARROZ INTEGRAL CRUDO","categoria":"Cereales sin Grasa","calorias":72},{"nombre":"ARROZ PRECOCIDO CRUDO","categoria":"Cereales sin Grasa","calorias":75},{"nombre":"ARROZ PULIDO CRUDO","categoria":"Cereales sin Grasa","calorias":72},{"nombre":"ARROZ SALVAJE COCIDO","categoria":"Cereales sin Grasa","calorias":55},{"nombre":"ARROZ SALVAJE CRUDO","categoria":"Cereales sin Grasa","calorias":71},{"nombre":"ATOLE EN POLVO","categoria":"Cereales sin Grasa","calorias":68},{"nombre":"ATOLE EN SOBRE","categoria":"Cereales sin Grasa","calorias":58},{"nombre":"ATOLE VITAMINADO","categoria":"Cereales sin Grasa","calorias":59},{"nombre":"AVENA","categoria":"Cereales sin Grasa","calorias":66},{"nombre":"AVENA EN HOJUELAS","categoria":"Cereales sin Grasa","calorias":73},{"nombre":"AVENA EN SOBRE","categoria":"Cereales sin Grasa","calorias":53},{"nombre":"AVENA INSTANTÁNEA PREPARADA","categoria":"Cereales sin Grasa","calorias":53},{"nombre":"AVENA INSTANTÁNEA VARIOS SABORES","categoria":"Cereales sin Grasa","calorias":51},{"nombre":"CODITO CRUDO","categoria":"Cereales sin Grasa","calorias":74},{"nombre":"CEREAL DE SALVADO DE TRIGO","categoria":"Cereales sin Grasa","calorias":54},{"nombre":"CENTENO","categoria":"Cereales sin Grasa","calorias":72},{"nombre":"CEBADA","categoria":"Cereales sin Grasa","calorias":69},{"nombre":"CANELONES","categoria":"Cereales sin Grasa","calorias":68},{"nombre":"CAMOTE HORNEADO","categoria":"Cereales sin Grasa","calorias":70},{"nombre":"CAMOTE CON MIEL","categoria":"Cereales sin Grasa","calorias":59},{"nombre":"CAMOTE COCIDO","categoria":"Cereales sin Grasa","calorias":73},{"nombre":"CAMOTE AMARILLO","categoria":"Cereales sin Grasa","calorias":68},{"nombre":"BOLILLO SIN MIGAJÓN","categoria":"Cereales sin Grasa","calorias":79},{"nombre":"BOLILLO INTEGRAL SIN MIGAJÓN","categoria":"Cereales sin Grasa","calorias":73},{"nombre":"BOLILLO INTEGRAL","categoria":"Cereales sin Grasa","calorias":64},{"nombre":"BIROTE","categoria":"Cereales sin Grasa","calorias":67},{"nombre":"BARRITA DE GRANOLA SABOR MANZANA","categoria":"Cereales sin Grasa","calorias":55},{"nombre":"BARRITA DE AVENA","categoria":"Cereales sin Grasa","calorias":56},{"nombre":"BARRA STILA VARIOS SABORES","categoria":"Cereales sin Grasa","calorias":68},{"nombre":"BARRA SPECIAL K VARIOS SABORES","categoria":"Cereales sin Grasa","calorias":90},{"nombre":"BARRA CHEWY VARIOS SABORES","categoria":"Cereales sin Grasa","calorias":52},{"nombre":"BARQUILLO","categoria":"Cereales sin Grasa","calorias":64},{"nombre":"BAGUETTE","categoria":"Cereales sin Grasa","calorias":72},{"nombre":"BAGEL INTEGRAL","categoria":"Cereales sin Grasa","calorias":60},{"nombre":"BAGEL","categoria":"Cereales sin Grasa","calorias":65},{"nombre":"AVENA QUAKER OLD FASHION","categoria":"Cereales sin Grasa","calorias":68},{"nombre":"AVENA INTERGAL","categoria":"Cereales sin Grasa","calorias":65},{"nombre":"FÉCULA DE MAÍZ DE SABOR","categoria":"Cereales sin Grasa","calorias":60},{"nombre":"FÉCULA DE MAÍZ","categoria":"Cereales sin Grasa","calorias":60},{"nombre":"FUSILI CRUDO","categoria":"Cereales sin Grasa","calorias":70},{"nombre":"FIDEO CRUDO","categoria":"Cereales sin Grasa","calorias":72},{"nombre":"ESPAGUETI INTEGRAL CRUDO","categoria":"Cereales sin Grasa","calorias":70},{"nombre":"ESPAGUETI CRUDO","categoria":"Cereales sin Grasa","calorias":70},{"nombre":"ELOTE DESGRANADO","categoria":"Cereales sin Grasa","calorias":66},{"nombre":"ELOTE BLANCO","categoria":"Cereales sin Grasa","calorias":70},{"nombre":"ELOTE AMARILLO ENLATADO","categoria":"Cereales sin Grasa","calorias":66},{"nombre":"ELOTE AMARILLO DESGRANADO CRUDO","categoria":"Cereales sin Grasa","calorias":66},{"nombre":"ELOTE AMARILLO DESGRANADO COCIDO","categoria":"Cereales sin Grasa","calorias":66},{"nombre":"ELOTE AMARILLO CRUDO","categoria":"Cereales sin Grasa","calorias":61},{"nombre":"ELOTE AMARILLO CONGELADO","categoria":"Cereales sin Grasa","calorias":70},{"nombre":"ELOTE AMARILLO COCIDO","categoria":"Cereales sin Grasa","calorias":71},{"nombre":"CÚRCUMA","categoria":"Cereales sin Grasa","calorias":73},{"nombre":"CREPAS","categoria":"Cereales sin Grasa","calorias":69},{"nombre":"COUSCOUS","categoria":"Cereales sin Grasa","calorias":58},{"nombre":"HARINA PARA TAMALES","categoria":"Cereales sin Grasa","calorias":62},{"nombre":"HARINA PARA HOT CAKES","categoria":"Cereales sin Grasa","calorias":61},{"nombre":"HARINA PARA BROWNIES BAJA EN GRASAS","categoria":"Cereales sin Grasa","calorias":61},{"nombre":"HARINA PARA BROWNIES","categoria":"Cereales sin Grasa","calorias":60},{"nombre":"HARINA INTEGRAL DE CENTENO","categoria":"Cereales sin Grasa","calorias":64},{"nombre":"HARINA DE TRIGO INTEGRAL","categoria":"Cereales sin Grasa","calorias":64},{"nombre":"HARINA DE TRIGO","categoria":"Cereales sin Grasa","calorias":71},{"nombre":"HARINA DE PAPA","categoria":"Cereales sin Grasa","calorias":66},{"nombre":"HARINA DE MAÍZ","categoria":"Cereales sin Grasa","calorias":65},{"nombre":"HARINA DE ARROZ","categoria":"Cereales sin Grasa","calorias":72},{"nombre":"HARINA DE AMARANTO","categoria":"Cereales sin Grasa","calorias":68},{"nombre":"HARINA BLANCA","categoria":"Cereales sin Grasa","calorias":73},{"nombre":"GLUTEN DE TRIGO","categoria":"Cereales sin Grasa","calorias":68},{"nombre":"PAPILLA DE ARROZ","categoria":"Cereales sin Grasa","calorias":67},{"nombre":"PAPA COCIDA","categoria":"Cereales sin Grasa","calorias":73},{"nombre":"PRETZELS","categoria":"Cereales sin Grasa","calorias":69},{"nombre":"SOPA INSTANTÁNEA RAMEN SIN PREPARAR","categoria":"Cereales sin Grasa","calorias":67},{"nombre":"TAPIOCA","categoria":"Cereales sin Grasa","calorias":65},{"nombre":"BISQUET","categoria":"Cereales con Grasa","calorias":118},{"nombre":"DONA AZUCARADA","categoria":"Cereales con Grasa","calorias":90},{"nombre":"DONA GLASEADA","categoria":"Cereales con Grasa","calorias":90},{"nombre":"DONA GLASEADA DE CHOCOLATE","categoria":"Cereales con Grasa","calorias":102},{"nombre":"ALUBIA COCIDA","categoria":"Leguminosas","calorias":124},{"nombre":"ALUBIA ENLATADA GUISADA","categoria":"Leguminosas","calorias":99},{"nombre":"HABA COCIDA","categoria":"Leguminosas","calorias":94},{"nombre":"MISO (PASTA DE SOYA)","categoria":"Leguminosas","calorias":120},{"nombre":"SOYA COCIDA","categoria":"Leguminosas","calorias":98},{"nombre":"SOYA TEXTURIZADA","categoria":"Leguminosas","calorias":95},{"nombre":"LECHE HUMANA","categoria":"Leche Entera","calorias":170},{"nombre":"CHONGOS ZAMORANOS","categoria":"Leche con Azúcar","calorias":194},{"nombre":"VINAGRETA","categoria":"Aceites y Grasas","calorias":36},{"nombre":"CACAHUATES JAPONESES","categoria":"Aceites y Grasas con Proteína","calorias":68},{"nombre":"TOCINO VEGANO","categoria":"Aceites y Grasas con Proteína","calorias":63},{"nombre":"CATSUP","categoria":"Azucares sin Grasa","calorias":29},{"nombre":"ALCAPARRAS","categoria":"Libre","calorias":4},{"nombre":"SALSA DE SOYA","categoria":"Libre","calorias":3},{"nombre":"SALSA TERIYAKI","categoria":"Libre","calorias":5},{"nombre":"BARRITA MARINELA","categoria":"Cereales con Grasa","calorias":91},{"nombre":"PALOMITAS ACARAMELADAS","categoria":"Cereales sin Grasa","calorias":76},{"nombre":"PALOMITAS NATURALES","categoria":"Cereales sin Grasa","calorias":70},{"nombre":"PALOMITAS SIN GRASA","categoria":"Cereales sin Grasa","calorias":70},{"nombre":"CACAHUATE ENCHILADO","categoria":"Aceites y Grasas con Proteína","calorias":67},{"nombre":"CACAHUATE SALADO","categoria":"Aceites y Grasas con Proteína","calorias":71},{"nombre":"PEPITAS DE CALABAZA","categoria":"Aceites y Grasas con Proteína","calorias":66},{"nombre":"PEPITAS TOSTADAS","categoria":"Aceites y Grasas con Proteína","calorias":69},{"nombre":"PISTACHE","categoria":"Aceites y Grasas con Proteína","calorias":73},{"nombre":"SEMILLA DE GIRASOL","categoria":"Aceites y Grasas con Proteína","calorias":69},{"nombre":"BUBULUBU","categoria":"Azucares sin Grasa","calorias":46},{"nombre":"NIEVE DE FRUTAS","categoria":"Azucares sin Grasa","calorias":40},{"nombre":"OBLEAS DE CAJETA","categoria":"Azucares sin Grasa","calorias":30},{"nombre":"PALETA DE CARAMELO","categoria":"Azucares sin Grasa","calorias":44},{"nombre":"PALETA HELADA DE FRUTA","categoria":"Azucares sin Grasa","calorias":38},{"nombre":"PANDITAS","categoria":"Azucares sin Grasa","calorias":47},{"nombre":"PASITAS CON CHOCOLATE","categoria":"Azucares sin Grasa","calorias":43},{"nombre":"SKWINKLES CLÁSICOS","categoria":"Azucares sin Grasa","calorias":35},{"nombre":"ALMENDRA CON CHOCOLATE","categoria":"Azucares con Grasa","calorias":77},{"nombre":"CARLOS V","categoria":"Azucares con Grasa","calorias":56},{"nombre":"CHOCOLATE AMARGO","categoria":"Azucares con Grasa","calorias":70},{"nombre":"CHOCOLATE BLANCO","categoria":"Azucares con Grasa","calorias":81},{"nombre":"CHOCOLATE SEMIAMARGO","categoria":"Azucares con Grasa","calorias":81},{"nombre":"COCADA","categoria":"Azucares con Grasa","calorias":92},{"nombre":"PALANQUETA DE CACAHUATE","categoria":"Azucares con Grasa","calorias":78},{"nombre":"PALETA HELADA DE VAINILLA CUBIERTA DE CHOCOLATE","categoria":"Azucares con Grasa","calorias":83},{"nombre":"PLATILLO MEXICANO","categoria":"Platillos","calorias":175},{"nombre":"QUINOA A LA MEXICANA","categoria":"Platillos","calorias":365},{"nombre":"TOSTADA DE AGUACATE CON GARBANZO","categoria":"Platillos","calorias":369},{"nombre":"PASTA CON TOFU","categoria":"Platillos","calorias":247},{"nombre":"ESPAGUETI CON SOYA","categoria":"Platillos","calorias":385},{"nombre":"ALGA NORI (PARA SUSHI)","categoria":"Verduras","calorias":20},{"nombre":"CALABAZA ZAPALLO COCDIA","categoria":"Verduras","calorias":22},{"nombre":"CHAYA","categoria":"Verduras","calorias":47},{"nombre":"CHÍCHAROS Y ZANAHORIAS CONGELADOS","categoria":"Verduras","calorias":25},{"nombre":"CHILE MORITA","categoria":"Verduras","calorias":24},{"nombre":"CHILE MULATO","categoria":"Verduras","calorias":24},{"nombre":"CHILE PARA NACHOS","categoria":"Verduras","calorias":19},{"nombre":"CHILE PASILLA","categoria":"Verduras","calorias":27},{"nombre":"CRESÓN COCIDO","categoria":"Verduras","calorias":31},{"nombre":"CRESÓN LIMPIO CRUDO","categoria":"Verduras","calorias":32},{"nombre":"EDAMAME","categoria":"Leguminosas","calorias":29},{"nombre":"KALE","categoria":"Verduras","calorias":22},{"nombre":"ACAÍ","categoria":"Frutas","calorias":74},{"nombre":"CHERIMOYA PICADA","categoria":"Frutas","calorias":58},{"nombre":"CHIRIMOYA","categoria":"Frutas","calorias":53},{"nombre":"CUNDEAMOR","categoria":"Frutas","calorias":32},{"nombre":"FRUTO DEL PAN","categoria":"Frutas","calorias":60},{"nombre":"GIOTILLA","categoria":"Frutas","calorias":66},{"nombre":"GOJI BERRIES DESHIDRATADAS","categoria":"Frutas","calorias":64},{"nombre":"GUAMUCHIL","categoria":"Frutas","calorias":47},{"nombre":"ARROZ PARA SUSHI","categoria":"Cereales sin Grasa","calorias":89},{"nombre":"CAMOTE CON NARANJA","categoria":"Cereales sin Grasa","calorias":61},{"nombre":"CHOCO KRISPIS","categoria":"Cereales sin Grasa","calorias":69},{"nombre":"CHAPATA","categoria":"Cereales sin Grasa","calorias":58},{"nombre":"TOFU","categoria":"Leguminosas","calorias":58},{"nombre":"SILK ALMENDRA","categoria":"Aceites y Grasas con Proteína","calorias":54},{"nombre":"PAN THIN","categoria":"Cereales sin Grasa","calorias":77},{"nombre":"QUINOA INFLADA","categoria":"Cereales sin Grasa","calorias":60},{"nombre":"WONTON","categoria":"Cereales sin Grasa","calorias":76},{"nombre":"AROS DE CEBOLLA","categoria":"Cereales con Grasa","calorias":104},{"nombre":"WRAP","categoria":"Cereales con Grasa","calorias":90},{"nombre":"QUESO DE SOYA","categoria":"Leguminosas","calorias":84},{"nombre":"YOGURT DE SOYA","categoria":"Leche con Azúcar","calorias":169},{"nombre":"CHICHARRÓN DE SOYA","categoria":"Aceites y Grasas","calorias":17},{"nombre":"MANTECA DE CACAO","categoria":"Aceites y Grasas","calorias":44},{"nombre":"PIZZA VEGANA","categoria":"Platillos","calorias":205},{"nombre":"ALMENDRA ACARAMELADA","categoria":"Aceites y Grasas con Proteína","calorias":72},{"nombre":"BIGOTES MINI DE CAJETAS","categoria":"Cereales con Grasa","calorias":119},{"nombre":"BIGOTES DE CAJETA","categoria":"Cereales con Grasa","calorias":103},{"nombre":"BIGOTE RELLENO DE CHOCOLATE","categoria":"Cereales con Grasa","calorias":93},{"nombre":"BEBIDA PARA DEPORTISTAS","categoria":"Azucares sin Grasa","calorias":40},{"nombre":"BROWNIE COMERCIAL","categoria":"Cereales con Grasa","calorias":114},{"nombre":"BROWNIE CASERO","categoria":"Cereales con Grasa","calorias":112},{"nombre":"BRANDY","categoria":"Bebidas Alcohólicas","calorias":139},{"nombre":"BIMBUÑUELOS","categoria":"Cereales con Grasa","calorias":120},{"nombre":"CAFÉ O TÉ SIN AZÚCAR","categoria":"Libre","calorias":3},{"nombre":"CAFÉ CAPUCHINO HELADO","categoria":"Azucares sin Grasa","calorias":43},{"nombre":"CHAMPAÑA","categoria":"Bebidas Alcohólicas","calorias":154},{"nombre":"CERVEZA LIGHT","categoria":"Bebidas Alcohólicas","calorias":154},{"nombre":"CERVEZA","categoria":"Bebidas Alcohólicas","calorias":153},{"nombre":"CHEESECAKE","categoria":"Cereales con Grasa","calorias":96},{"nombre":"CHIPS AHOY","categoria":"Cereales con Grasa","calorias":91},{"nombre":"CONCHITA","categoria":"Cereales con Grasa","calorias":92},{"nombre":"COCA COLA LIGHT","categoria":"Libre","calorias":1},{"nombre":"COÑAC","categoria":"Bebidas Alcohólicas","calorias":144},{"nombre":"DORITOS PIZZEROLAS","categoria":"Cereales con Grasa","calorias":93},{"nombre":"DORITOS NACHOS","categoria":"Cereales con Grasa","calorias":95},{"nombre":"DORITOS INCÓGNITA","categoria":"Cereales con Grasa","calorias":90},{"nombre":"DORADITAS","categoria":"Cereales con Grasa","calorias":98},{"nombre":"CUPCAKE DE CHOCOLATE","categoria":"Cereales con Grasa","calorias":105},{"nombre":"NÉCTAR DE FRUTA","categoria":"Azucares sin Grasa","calorias":38},{"nombre":"NUEZ GARAPIÑADA","categoria":"Aceites y Grasas con Proteína","calorias":64},{"nombre":"AGUA MINERAL","categoria":"Libre","calorias":4},{"nombre":"ATE","categoria":"Azucares sin Grasa","calorias":41},{"nombre":"BARRITA DE GRANOLA CUBIERTA DE CHOCOLATE","categoria":"Cereales con Grasa","calorias":98},{"nombre":"BARRITA DE GRANOLA CON PASITAS Y NUEZ","categoria":"Cereales con Grasa","calorias":97},{"nombre":"BARRITA DE GRANOLA CON CHOCO CHIP","categoria":"Cereales con Grasa","calorias":119},{"nombre":"BARRITA DE GRANOLA CON CACAHUATE","categoria":"Cereales con Grasa","calorias":87},{"nombre":"BARRA ZUCARITAS","categoria":"Cereales con Grasa","calorias":90},{"nombre":"BARRA MULTIGRANO LINAZA","categoria":"Cereales con Grasa","calorias":99},{"nombre":"BARRA DE GRANOLA","categoria":"Cereales con Grasa","calorias":101},{"nombre":"BARRA CHOC KRISPIS","categoria":"Cereales con Grasa","calorias":17},{"nombre":"CHEETOS TORCIDITOS","categoria":"Cereales con Grasa","calorias":108},{"nombre":"CHEETOS POFFS","categoria":"Cereales con Grasa","calorias":106},{"nombre":"CHEETOS","categoria":"Cereales con Grasa","calorias":110},{"nombre":"CHIPS DE PLÁTANO","categoria":"Cereales con Grasa","calorias":109},{"nombre":"COCA COLA ZERO","categoria":"Libre","calorias":1},{"nombre":"CUERNITO","categoria":"Cereales con Grasa","calorias":115},{"nombre":"CROISSANT","categoria":"Cereales con Grasa","calorias":116},{"nombre":"CONSOMÉ","categoria":"Libre","calorias":10},{"nombre":"FALAFEL","categoria":"Aceites y Grasas con Proteína","calorias":67},{"nombre":"GATORADE VARIEDAD DE SABORES","categoria":"Azucares sin Grasa","calorias":46},{"nombre":"OREJA (PAN DULCE)","categoria":"Cereales con Grasa","calorias":81},{"nombre":"NUGUET DE SOYA","categoria":"Leguminosas","calorias":98},{"nombre":"PALOMITAS GARAPIÑADAS","categoria":"Cereales con Grasa","calorias":91},{"nombre":"PALOMITAS CON QUESO","categoria":"Cereales con Grasa","calorias":110},{"nombre":"PALOMITAS ACARAMELADAS SIN GRASA","categoria":"Cereales sin Grasa","calorias":69},{"nombre":"PALANQUETA DE AMARANTO","categoria":"Cereales sin Grasa","calorias":72},{"nombre":"PAPAS FRITAS A LA FRANCESA","categoria":"Cereales con Grasa","calorias":112},{"nombre":"PAPAS A LA FRANCESA","categoria":"Cereales con Grasa","calorias":100},{"nombre":"PAPA HASH BROWN","categoria":"Cereales con Grasa","calorias":100},{"nombre":"PAPA CAMBRAY","categoria":"Cereales sin Grasa","calorias":72},{"nombre":"PAY DE QUESO","categoria":"Cereales con Grasa","calorias":112},{"nombre":"PAY DE PIÑA","categoria":"Cereales con Grasa","calorias":108},{"nombre":"PAY DE NUEZ","categoria":"Cereales con Grasa","calorias":102},{"nombre":"PAY DE MANZANA","categoria":"Cereales con Grasa","calorias":95},{"nombre":"PAY DE LIMÓN CON MERENGUE","categoria":"Cereales con Grasa","calorias":94},{"nombre":"PAY DE CHOCOLATE","categoria":"Cereales con Grasa","calorias":91},{"nombre":"PAY DE CALABAZA","categoria":"Cereales con Grasa","calorias":109},{"nombre":"PASTEL DE ZANAHORIA CON QUESO CREMA","categoria":"Cereales con Grasa","calorias":112},{"nombre":"PASTEL DE PIÑA","categoria":"Cereales con Grasa","calorias":89},{"nombre":"PASTEL DE CHOCOLATE","categoria":"Cereales con Grasa","calorias":114},{"nombre":"PEPSI LIGHT","categoria":"Libre","calorias":4},{"nombre":"PULQUE","categoria":"Bebidas Alcohólicas","calorias":155},{"nombre":"PRISPAS","categoria":"Cereales con Grasa","calorias":91},{"nombre":"POP TARTS","categoria":"Cereales con Grasa","calorias":70},{"nombre":"PONCHE DE FRUTAS","categoria":"Azucares sin Grasa","calorias":36},{"nombre":"RUNNERS BARCEL","categoria":"Cereales con Grasa","calorias":110},{"nombre":"RON","categoria":"Bebidas Alcohólicas","calorias":139},{"nombre":"ROMPOPE SIN ALCOHOL","categoria":"Azucares con Grasa","calorias":86},{"nombre":"ROMPOPE","categoria":"Bebidas Alcohólicas","calorias":141},{"nombre":"ROLES DE CANELA","categoria":"Cereales con Grasa","calorias":100},{"nombre":"REFRESCO DE DIETA","categoria":"Libre","calorias":1},{"nombre":"REFRESCO","categoria":"Azucares sin Grasa","calorias":38},{"nombre":"RED BULL SUGAR FREE","categoria":"Libre","calorias":6},{"nombre":"RED BULL","categoria":"Azucares sin Grasa","calorias":37},{"nombre":"SABRITAS","categoria":"Cereales con Grasa","calorias":120},{"nombre":"STRUDEL DE MANZANA","categoria":"Cereales con Grasa","calorias":98},{"nombre":"SIDRA","categoria":"Bebidas Alcohólicas","calorias":150},{"nombre":"SUSTITUTO DE YOGURT","categoria":"Leche Descremada","calorias":150},{"nombre":"TEQUILA","categoria":"Bebidas Alcohólicas","calorias":146},{"nombre":"VINO ROSADO","categoria":"Bebidas Alcohólicas","calorias":134},{"nombre":"VINO ESPUMOSO","categoria":"Bebidas Alcohólicas","calorias":101},{"nombre":"VINO BLANCO SECO","categoria":"Bebidas Alcohólicas","calorias":164},{"nombre":"VINO BLANCO DULCE","categoria":"Bebidas Alcohólicas","calorias":137},{"nombre":"VINO TINTO","categoria":"Bebidas Alcohólicas","calorias":170},{"nombre":"VODKA","categoria":"Bebidas Alcohólicas","calorias":139},{"nombre":"WHISKY","categoria":"Bebidas Alcohólicas","calorias":138},{"nombre":"ACEITUNA NEGRA SIN HUESO","categoria":"Aceites y Grasas","calorias":46},{"nombre":"ACEITUNA VERDE CON HUESO","categoria":"Aceites y Grasas","calorias":46},{"nombre":"ANÍS","categoria":"Libre","calorias":4},{"nombre":"ALMENDRA FILETEADA","categoria":"Aceites y Grasas con Proteína","calorias":72},{"nombre":"ARÚGULA","categoria":"Libre","calorias":3},{"nombre":"AVELLANA","categoria":"Aceites y Grasas con Proteína","calorias":72},{"nombre":"BASE PARA PAY","categoria":"Cereales con Grasa","calorias":110},{"nombre":"BUBBALOO XTREME","categoria":"Azucares sin Grasa","calorias":33},{"nombre":"CALDO","categoria":"Libre","calorias":9},{"nombre":"CEBOLLÍN","categoria":"Libre","calorias":5},{"nombre":"CHILE CASCABEL","categoria":"Libre","calorias":8},{"nombre":"CHISTORRA","categoria":"Aceites y Grasas con Proteína","calorias":73},{"nombre":"CHISPAS DE CHOCOLATE","categoria":"Azucares con Grasa","calorias":94},{"nombre":"CHILORIO VEGANO","categoria":"Aceites y Grasas con Proteína","calorias":70},{"nombre":"CHILE PIQUÍN EN POLVO","categoria":"Libre","calorias":5},{"nombre":"CHÍCHAROS COCIDOS","categoria":"Leguminosas","calorias":100},{"nombre":"CHORIZO VEGANO","categoria":"Aceites y Grasas con Proteína","calorias":70},{"nombre":"CHOCOLATE RALLADO","categoria":"Azucares con Grasa","calorias":87},{"nombre":"CHOCOLATE PARA REPOSTERÍA SIN AZÚCAR","categoria":"Libre","calorias":10},{"nombre":"CHOCOLATE FUNDIDO","categoria":"Azucares con Grasa","calorias":59},{"nombre":"CHOCOLATE EN POLVO SIN AZÚCAR","categoria":"Azucares sin Grasa","calorias":40},{"nombre":"COMINO","categoria":"Libre","calorias":7},{"nombre":"COCOA SIN AZÚCAR","categoria":"Libre","calorias":7},{"nombre":"COCOA EN POLVO","categoria":"Azucares sin Grasa","calorias":40},{"nombre":"COCO FRESCO","categoria":"Aceites y Grasas","calorias":42},{"nombre":"COCO","categoria":"Aceites y Grasas","calorias":41},{"nombre":"CLIGHT","categoria":"Libre","calorias":8},{"nombre":"CLAVO","categoria":"Libre","calorias":6},{"nombre":"CONSOMÉ EN POLVO","categoria":"Libre","calorias":8},{"nombre":"CÁSCARA DE NARANJA","categoria":"Libre","calorias":4},{"nombre":"CÁSCARA DE LIMÓN","categoria":"Libre","calorias":5},{"nombre":"CURRY EN POLVO","categoria":"Libre","calorias":7},{"nombre":"MIEL","categoria":"Azucares sin Grasa","calorias":43},{"nombre":"MIEL DE MAPLE","categoria":"Azucares sin Grasa","calorias":31},{"nombre":"AZÚCAR","categoria":"Azucares sin Grasa","calorias":33},{"nombre":"ENGLISH MUFFIN","categoria":"Cereales sin Grasa","calorias":67},{"nombre":"FALDA DE RES","categoria":"AOA muy bajo aporte grasa","calorias":35},{"nombre":"EXTRACTO DE VAINILLA","categoria":"Libre","calorias":8},{"nombre":"ESTRAGÓN","categoria":"Libre","calorias":6},{"nombre":"ESPÁRRAGOS","categoria":"Verduras","calorias":22},{"nombre":"ESPINAZO","categoria":"AOA alto aporte de grasa","calorias":99},{"nombre":"ESPINACA CRUDA","categoria":"Verduras","calorias":28},{"nombre":"ESPAGUETI INTEGRAL COCIDO","categoria":"Cereales sin Grasa","calorias":57},{"nombre":"FRIJOLES REFRITOS","categoria":"Leguminosas","calorias":95},{"nombre":"FRIJOL MOLIDO","categoria":"Leguminosas","calorias":96},{"nombre":"FRESAS CON CREMA","categoria":"Platillos","calorias":183},{"nombre":"FRESAS","categoria":"Frutas","calorias":53},{"nombre":"FRAMBUESA","categoria":"Frutas","calorias":64},{"nombre":"FONDUE DE QUESO","categoria":"AOA alto aporte de grasa","calorias":104},{"nombre":"FLAN DANETTE","categoria":"Azucares con Grasa","calorias":54},{"nombre":"FLAN CASERO","categoria":"Azucares con Grasa","calorias":89},{"nombre":"FILETE DE RES","categoria":"AOA muy bajo aporte grasa","calorias":36},{"nombre":"FILETE DE PESCADO","categoria":"AOA muy bajo aporte grasa","calorias":36},{"nombre":"FIDEOS DE ARROZ","categoria":"Cereales sin Grasa","calorias":73},{"nombre":"FIDEO COCIDO","categoria":"Cereales sin Grasa","calorias":74},{"nombre":"GARBANZO COCIDO","categoria":"Leguminosas","calorias":135},{"nombre":"GANSITO","categoria":"Cereales con Grasa","calorias":99},{"nombre":"GALLINA","categoria":"AOA bajo aporte de grasa","calorias":59},{"nombre":"GALLETAS SALADAS","categoria":"Cereales sin Grasa","calorias":69},{"nombre":"GALLETAS MARÍA","categoria":"Cereales sin Grasa","calorias":69},{"nombre":"GALLETAS HABARENAS","categoria":"Cereales sin Grasa","calorias":75},{"nombre":"GALLETAS HABANERAS INTEGRALES","categoria":"Cereales sin Grasa","calorias":69},{"nombre":"GALLETAS DE ANIMALITO","categoria":"Cereales sin Grasa","calorias":68},{"nombre":"GALLETAS BARRAS DE HIGO","categoria":"Cereales sin Grasa","calorias":56},{"nombre":"GALLETA O'REO","categoria":"Cereales con Grasa","calorias":86},{"nombre":"GALLETA DE NUEZ","categoria":"Cereales con Grasa","calorias":110},{"nombre":"GALLETA DE MANZANA","categoria":"Cereales sin Grasa","calorias":50},{"nombre":"GALLETA DE AVENA CON PASAS","categoria":"Cereales sin Grasa","calorias":61},{"nombre":"GALLETA DE AVENA","categoria":"Cereales con Grasa","calorias":108},{"nombre":"GALLETA CON CHISPAS DE CHOCOLATE","categoria":"Cereales con Grasa","calorias":105},{"nombre":"FUSILI COCIDO","categoria":"Cereales sin Grasa","calorias":57},{"nombre":"FRUTA PICADA","categoria":"Frutas","calorias":59},{"nombre":"FRUTA CON QUESO COTTAGE","categoria":"Platillos","calorias":216},{"nombre":"FRUITCAKE","categoria":"Cereales sin Grasa","calorias":65},{"nombre":"FROOT LOOPS","categoria":"Cereales sin Grasa","calorias":82},{"nombre":"FRITOS","categoria":"Cereales con Grasa","calorias":110},{"nombre":"GUAYABA ROSA","categoria":"Frutas","calorias":52},{"nombre":"GUAYABA","categoria":"Frutas","calorias":63},{"nombre":"GUANÁBANA","categoria":"Frutas","calorias":90},{"nombre":"GUACAMOLE","categoria":"Aceites y Grasas","calorias":46},{"nombre":"GRANOLA CON AVENA Y MIEL","categoria":"Cereales con Grasa","calorias":96},{"nombre":"GRANOLA","categoria":"Cereales con Grasa","calorias":97},{"nombre":"GOMITAS","categoria":"Azucares sin Grasa","calorias":42},{"nombre":"GINEBRA","categoria":"Bebidas Alcohólicas","calorias":145},{"nombre":"GELATINA SIN AZÚCAR","categoria":"Libre","calorias":10},{"nombre":"GELATINA","categoria":"Azucares sin Grasa","calorias":37},{"nombre":"HELADO DE CHOCOLATE BAJO EN CALORÍAS","categoria":"Leche con Azúcar","calorias":199},{"nombre":"HELADO DE CHOCOLATE","categoria":"Leche con Azúcar","calorias":214},{"nombre":"HELADO DE CAFÉ BAJO EN GRASA","categoria":"Leche con Azúcar","calorias":183},{"nombre":"HELADO DE CAFÉ","categoria":"Leche con Azúcar","calorias":195},{"nombre":"HELADO CHOCO CHIP","categoria":"Leche con Azúcar","calorias":215},{"nombre":"HOT NUTS","categoria":"Aceites y Grasas con Proteína","calorias":68},{"nombre":"HOT CAKE","categoria":"Cereales sin Grasa","calorias":69},{"nombre":"HOJUELAS DE MAÍZ AZUCARADAS","categoria":"Cereales sin Grasa","calorias":52},{"nombre":"HOJUELAS DE MAÍZ","categoria":"Cereales sin Grasa","calorias":51},{"nombre":"HOJUELAS DE CEREAL CON FRUTOS SECOS","categoria":"Cereales sin Grasa","calorias":70},{"nombre":"HOJUELAS DE AVENA","categoria":"Cereales sin Grasa","calorias":65},{"nombre":"HINOJO","categoria":"Libre","calorias":3},{"nombre":"HIERBAS FINAS","categoria":"Libre","calorias":5},{"nombre":"HIERBABUENA","categoria":"Libre","calorias":4},{"nombre":"HELADO NAPOLITANO","categoria":"Leche con Azúcar","calorias":205},{"nombre":"HELADO DE YOGURT","categoria":"Leche con Azúcar","calorias":201},{"nombre":"HELADO DE VAINILLA","categoria":"Leche con Azúcar","calorias":199},{"nombre":"HELADO DE FRESA","categoria":"Leche con Azúcar","calorias":190},{"nombre":"JITOMATE DESHIDRATADO","categoria":"Verduras","calorias":23},{"nombre":"JENGIBRE MOLIDO","categoria":"Libre","calorias":7},{"nombre":"JENGIBRE FRESCO","categoria":"Libre","calorias":4},{"nombre":"JAIBA","categoria":"AOA muy bajo aporte grasa","calorias":39},{"nombre":"HÍGADO DE RES FRITO","categoria":"AOA bajo aporte de grasa","calorias":54},{"nombre":"HÍGADO DE RES COCIDO","categoria":"AOA bajo aporte de grasa","calorias":48},{"nombre":"HUEVO REVUELTO","categoria":"AOA alto aporte de grasa","calorias":100},{"nombre":"HUEVO POCHADO","categoria":"AOA moderado aporte de grasa","calorias":71},{"nombre":"HUEVO FRITO","categoria":"AOA alto aporte de grasa","calorias":90},{"nombre":"HUEVO ESTRELLADO","categoria":"AOA alto aporte de grasa","calorias":90},{"nombre":"HUEVO COCIDO","categoria":"AOA moderado aporte de grasa","calorias":68},{"nombre":"KIWI","categoria":"Frutas","calorias":69},{"nombre":"KINDER DELICE","categoria":"Azucares con Grasa","calorias":95},{"nombre":"JÍCAMA","categoria":"Verduras","calorias":23},{"nombre":"JUGO VERDE","categoria":"Platillos","calorias":210},{"nombre":"JUGO DE ZANAHORIA Y PIÑA","categoria":"Platillos","calorias":88},{"nombre":"JUGO DE TORONJA","categoria":"Frutas","calorias":47},{"nombre":"JUGO DE PAPAYA","categoria":"Frutas","calorias":45},{"nombre":"JUGO DE NARANJA NATURAL","categoria":"Frutas","calorias":54},{"nombre":"JUGO DE MANGO","categoria":"Frutas","calorias":61},{"nombre":"JUGO DE MANDARINA","categoria":"Frutas","calorias":46},{"nombre":"JUGO DE MAMEY","categoria":"Frutas","calorias":52},{"nombre":"LENGUADO","categoria":"AOA muy bajo aporte grasa","calorias":34},{"nombre":"LENGUA DE RES COCIDA","categoria":"AOA alto aporte de grasa","calorias":100},{"nombre":"LECHE VEGETAL","categoria":"Leche Descremada","calorias":79},{"nombre":"LECHE SEMIDESCREMADA","categoria":"Leche Semi-descremada","calorias":116},{"nombre":"LECHE ENTERA","categoria":"Leche Entera","calorias":148},{"nombre":"LECHE DESCREMADA CON CHOCOLATE","categoria":"Leche Descremada","calorias":77},{"nombre":"LAUREL","categoria":"Libre","calorias":3},{"nombre":"LANGOSTINO","categoria":"AOA muy bajo aporte grasa","calorias":34},{"nombre":"LANGOSTA COCIDA","categoria":"AOA muy bajo aporte grasa","calorias":34},{"nombre":"KRANKY","categoria":"Azucares con Grasa","calorias":67},{"nombre":"KOMBUCHA","categoria":"Azucares sin Grasa","calorias":38},{"nombre":"MACIZA DE RES","categoria":"AOA muy bajo aporte grasa","calorias":35},{"nombre":"MACHACA","categoria":"AOA muy bajo aporte grasa","calorias":50},{"nombre":"LUNETAS","categoria":"Azucares con Grasa","calorias":79},{"nombre":"LONGANIZA","categoria":"AOA moderado aporte de grasa","calorias":78},{"nombre":"LOMO DE CERDO","categoria":"AOA bajo aporte de grasa","calorias":56},{"nombre":"LIMONADA NATURAL","categoria":"Platillos","calorias":62},{"nombre":"LIMONADA MINERAL","categoria":"Platillos","calorias":64},{"nombre":"LICUADO ENERGÉTICO","categoria":"Platillos","calorias":256},{"nombre":"LICUADO DE PLÁTANO","categoria":"Platillos","calorias":257},{"nombre":"LICUADO DE PAPAYA","categoria":"Platillos","calorias":148},{"nombre":"LICUADO DE MORAS","categoria":"Platillos","calorias":245},{"nombre":"LICUADO DE MANZANA AVENA Y PLÁTANO","categoria":"Platillos","calorias":200},{"nombre":"LICUADO DE MANZANA","categoria":"Platillos","calorias":232},{"nombre":"LICUADO DE MANGO","categoria":"Platillos","calorias":195},{"nombre":"LICUADO DE FRESA","categoria":"Platillos","calorias":262},{"nombre":"LICUADO DE DURAZNO","categoria":"Platillos","calorias":271},{"nombre":"LICUADO CON FIBRA","categoria":"Platillos","calorias":163},{"nombre":"LICOR DE NARANJA","categoria":"Bebidas Alcohólicas","calorias":146},{"nombre":"LICOR DE CAFÉ","categoria":"Bebidas Alcohólicas","calorias":147},{"nombre":"LICHIS","categoria":"Frutas","calorias":59},{"nombre":"LENTEJA COCIDA","categoria":"Leguminosas","calorias":115},{"nombre":"MANZANA DESHIDRATADA","categoria":"Frutas","calorias":55},{"nombre":"MANZANA AMARILLA","categoria":"Frutas","calorias":65},{"nombre":"MANZANA AL VAPOR","categoria":"Frutas","calorias":44},{"nombre":"MANZANA","categoria":"Frutas","calorias":55},{"nombre":"MANGO PICADO","categoria":"Frutas","calorias":58},{"nombre":"MANGO PETACÓN","categoria":"Frutas","calorias":72},{"nombre":"MANGO MANILA","categoria":"Frutas","calorias":62},{"nombre":"MANGO CRIOLLO","categoria":"Frutas","calorias":57},{"nombre":"MANGO","categoria":"Frutas","calorias":40},{"nombre":"MANDARINA REYNA","categoria":"Frutas","calorias":75},{"nombre":"MANDARINA","categoria":"Frutas","calorias":68},{"nombre":"MAMEY","categoria":"Frutas","calorias":58},{"nombre":"MALVAVISCO MINIATURA","categoria":"Azucares sin Grasa","calorias":40},{"nombre":"MALVAVISCO CON CHOCOLATE","categoria":"Azucares con Grasa","calorias":59},{"nombre":"MALVAVISCO","categoria":"Azucares sin Grasa","calorias":45},{"nombre":"MERENGUE DURO","categoria":"Azucares sin Grasa","calorias":42},{"nombre":"MELÓN CHINO","categoria":"Frutas","calorias":52},{"nombre":"MELÓN","categoria":"Frutas","calorias":54},{"nombre":"MEDALLÓN DE ATÚN","categoria":"AOA muy bajo aporte grasa","calorias":43},{"nombre":"MAZAPÁN SIN AZÚCAR","categoria":"Aceites y Grasas con Proteína","calorias":66},{"nombre":"MAZAPÁN","categoria":"Azucares con Grasa","calorias":85},{"nombre":"MARLIN","categoria":"AOA muy bajo aporte grasa","calorias":36},{"nombre":"MANZANA VERDE","categoria":"Frutas","calorias":42},{"nombre":"MANZANA PICADA","categoria":"Frutas","calorias":44},{"nombre":"MUSLO DE POLLO CON PIEL COCIDO","categoria":"AOA moderado aporte de grasa","calorias":76},{"nombre":"MOUSSE DE CHOCOLATE SIN GRASA","categoria":"Azucares sin Grasa","calorias":47},{"nombre":"MORAS","categoria":"Frutas","calorias":67},{"nombre":"MORA AZUL","categoria":"Frutas","calorias":61},{"nombre":"MOJITO SIN ALCOHOL","categoria":"Platillos","calorias":51},{"nombre":"MILANESA DE RES","categoria":"AOA muy bajo aporte grasa","calorias":36},{"nombre":"MILANESA DE POLLO","categoria":"AOA muy bajo aporte grasa","calorias":34},{"nombre":"ARRACHERA EN SALSA DE CHAMPIÑONES","categoria":"Platillos","calorias":211},{"nombre":"ARRACHERA","categoria":"AOA bajo aporte de grasa","calorias":56},{"nombre":"ATÚN EN AGUA","categoria":"AOA muy bajo aporte grasa","calorias":39},{"nombre":"ATÚN EN ACEITE DRENADO","categoria":"AOA bajo aporte de grasa","calorias":66},{"nombre":"ARROZ PRECOCIDO COCIDO","categoria":"Cereales sin Grasa","calorias":64},{"nombre":"BISTEC","categoria":"AOA muy bajo aporte grasa","calorias":36},{"nombre":"BISTEC RANCHERO","categoria":"Platillos","calorias":143},{"nombre":"BISTEC DE TERNERA","categoria":"AOA bajo aporte de grasa","calorias":55},{"nombre":"BROCHETA DE PESCADO","categoria":"Platillos","calorias":175},{"nombre":"BROCHETA DE VERDURAS","categoria":"Platillos","calorias":61},{"nombre":"BROCHETA DE POLLO","categoria":"Platillos","calorias":136},{"nombre":"CAFÉ AMERICANO","categoria":"Libre","calorias":5},{"nombre":"CAFÉ CON AZÚCAR","categoria":"Libre","calorias":5},{"nombre":"CAFÉ DESCAFEINADO","categoria":"Libre","calorias":5},{"nombre":"CAFÉ INSTANTÁNEO PREPARADO","categoria":"Libre","calorias":5},{"nombre":"CALABACITAS CON ELOTE Y RAJAS","categoria":"Platillos","calorias":116},{"nombre":"CALABACITAS GUISADAS","categoria":"Platillos","calorias":180},{"nombre":"CALABACITAS RELLENAS","categoria":"Platillos","calorias":177},{"nombre":"CAMARONES CON BRÓCOLI Y COLIFLOR","categoria":"Platillos","calorias":185},{"nombre":"CARNE EN SU JUGO","categoria":"Platillos","calorias":235},{"nombre":"CARNITAS DE SETAS","categoria":"Platillos","calorias":102},{"nombre":"CEVICHE DE ATÚN","categoria":"Platillos","calorias":165},{"nombre":"HOT DOG VEGANO","categoria":"Platillos","calorias":247},{"nombre":"HOT DOG","categoria":"Platillos","calorias":283},{"nombre":"WAFLE","categoria":"Cereales con Grasa","calorias":87},{"nombre":"AVENA COCIDA","categoria":"Cereales sin Grasa","calorias":66},{"nombre":"TORTILLA DE HARINA","categoria":"Cereales sin Grasa","calorias":44},{"nombre":"ZUCARITAS","categoria":"Cereales sin Grasa","calorias":98},{"nombre":"PAN FRANCÉS","categoria":"Cereales sin Grasa","calorias":65},{"nombre":"ARROZ INTEGRAL COCIDO","categoria":"Cereales sin Grasa","calorias":73},{"nombre":"PERA","categoria":"Frutas","calorias":47},{"nombre":"PLÁTANO","categoria":"Frutas","calorias":48},{"nombre":"UVA","categoria":"Frutas","calorias":61},{"nombre":"SANDÍA PICADA","categoria":"Frutas","calorias":48},{"nombre":"ALMENDRA","categoria":"Aceites y Grasas con Proteína","calorias":66},{"nombre":"NUEZ","categoria":"Aceites y Grasas con Proteína","calorias":67},{"nombre":"CACAHUATE","categoria":"Aceites y Grasas con Proteína","calorias":73},{"nombre":"NUEZ DE LA INDIA CON SAL","categoria":"Aceites y Grasas con Proteína","calorias":66},{"nombre":"PAN INTEGRAL","categoria":"Cereales sin Grasa","calorias":67},{"nombre":"ACEITE","categoria":"Aceites y Grasas","calorias":44},{"nombre":"ACEITE EN AEROSOL","categoria":"Aceites y Grasas","calorias":44},{"nombre":"ACEITE DE OLIVA","categoria":"Aceites y Grasas","calorias":44},{"nombre":"CREMA PARA CAFÉ","categoria":"Aceites y Grasas","calorias":41},{"nombre":"ACEITE DE CACAHUATE","categoria":"Aceites y Grasas","calorias":44},{"nombre":"ACEITE DE SOYA","categoria":"Aceites y Grasas","calorias":44},{"nombre":"AGUA","categoria":"Libre","calorias":2},{"nombre":"ESPAGUETI A LA BOLOGNESA","categoria":"Platillos","calorias":336},{"nombre":"ESPAGUETI A LA BOLOGNESA VEGANO","categoria":"Platillos","calorias":458},{"nombre":"ALUBIAS CON CHORIZO","categoria":"Platillos","calorias":388},{"nombre":"HUEVO CON JAMÓN","categoria":"Platillos","calorias":214},{"nombre":"HUEVO CON NOPALES","categoria":"Platillos","calorias":192},{"nombre":"HUEVO CON CHORIZO","categoria":"Platillos","calorias":310},{"nombre":"HUEVO A LA MEXICANA","categoria":"Platillos","calorias":221},{"nombre":"HUEVO CON TORTILLA","categoria":"Platillos","calorias":173},{"nombre":"HUEVO CON ESPINACA","categoria":"Platillos","calorias":184},{"nombre":"HUEVO CON CHAMPIÑONES","categoria":"Platillos","calorias":117},{"nombre":"HOTCAKES DE AVENA","categoria":"Platillos","calorias":183},{"nombre":"MACHACA A LA MEXICANA","categoria":"Platillos","calorias":191},{"nombre":"ENSALADA GRIEGA","categoria":"Platillos","calorias":126},{"nombre":"ENSALADA VERDE","categoria":"Platillos","calorias":203},{"nombre":"ENSALADA DE AGUACATE","categoria":"Platillos","calorias":209},{"nombre":"ENSALADA DE ATÚN","categoria":"Platillos","calorias":350},{"nombre":"ENSALADA CON PERA","categoria":"Platillos","calorias":152},{"nombre":"TOFU CON CHORIZO","categoria":"Platillos","calorias":169},{"nombre":"TOFU CON JAMÓN","categoria":"Platillos","calorias":213},{"nombre":"TINGA DE POLLO","categoria":"Platillos","calorias":206},{"nombre":"QUESO FRESCO","categoria":"AOA bajo aporte de grasa","calorias":58},{"nombre":"QUESO PANELA","categoria":"AOA bajo aporte de grasa","calorias":58},{"nombre":"PECHUGA DE POLLO ASADA","categoria":"AOA muy bajo aporte grasa","calorias":40},{"nombre":"SALCHICHA DE PAVO","categoria":"AOA moderado aporte de grasa","calorias":120},{"nombre":"BAGUETE DE JAMÓN","categoria":"Platillos","calorias":413},{"nombre":"SÁNDWICH","categoria":"Platillos","calorias":238},{"nombre":"SÁNDWICH DE ALFALFA Y PANELA","categoria":"Platillos","calorias":253},{"nombre":"SÁNDWICH DE CREMA DE CACAHUATE","categoria":"Platillos","calorias":197},{"nombre":"SÁNDWICH DE GUACAMOLE","categoria":"Platillos","calorias":264},{"nombre":"SÁNDWICH DE HUMMUS","categoria":"Platillos","calorias":259},{"nombre":"PESCADO BLANCO COCIDO","categoria":"AOA bajo aporte de grasa","calorias":52},{"nombre":"LECHE EVAPORADA DESCREMADA","categoria":"Leche Descremada","calorias":94},{"nombre":"YOGURT NATURAL","categoria":"Leche Entera","calorias":139},{"nombre":"BATIDO TROPICAL","categoria":"Platillos","calorias":278},{"nombre":"BATIDO DE BLUEBERRIES","categoria":"Platillos","calorias":142},{"nombre":"AGUA DE PIÑA PEPINO Y LIMÓN","categoria":"Platillos","calorias":72},{"nombre":"HOT CAKES CON FRESAS","categoria":"Platillos","calorias":260},{"nombre":"CAMARÓN COCIDO","categoria":"AOA muy bajo aporte grasa","calorias":34},{"nombre":"CHULETA AHUMADA","categoria":"AOA muy bajo aporte grasa","calorias":34},{"nombre":"CLARAS DE HUEVO","categoria":"AOA muy bajo aporte grasa","calorias":32},{"nombre":"POLLO DESHEBRADO","categoria":"AOA muy bajo aporte grasa","calorias":43},{"nombre":"PECHUGA DE PAVO","categoria":"AOA muy bajo aporte grasa","calorias":35},{"nombre":"JAMÓN DE PAVO","categoria":"AOA bajo aporte de grasa","calorias":44},{"nombre":"QUESO COTTAGE","categoria":"AOA muy bajo aporte grasa","calorias":43},{"nombre":"REQUESÓN","categoria":"AOA muy bajo aporte grasa","calorias":25},{"nombre":"SIRLOIN","categoria":"AOA bajo aporte de grasa","calorias":51},{"nombre":"QUESO OAXACA LALA LIGHT","categoria":"AOA bajo aporte de grasa","calorias":64},{"nombre":"PAVO","categoria":"AOA bajo aporte de grasa","calorias":57},{"nombre":"CHULETA DE CERDO","categoria":"AOA bajo aporte de grasa","calorias":54},{"nombre":"BARBACOA","categoria":"AOA bajo aporte de grasa","calorias":54},{"nombre":"COSTILLITAS DE CERDO","categoria":"AOA moderado aporte de grasa","calorias":69},{"nombre":"SIERRA","categoria":"AOA moderado aporte de grasa","calorias":78},{"nombre":"CARNE DESHEBRADA","categoria":"AOA moderado aporte de grasa","calorias":75},{"nombre":"COSTILLA DE RES","categoria":"AOA alto aporte de grasa","calorias":112},{"nombre":"NUGGET DE POLLO","categoria":"AOA alto aporte de grasa","calorias":101},{"nombre":"POLLO ROSTIZADO","categoria":"AOA alto aporte de grasa","calorias":80},{"nombre":"QUESO CHIHUAHUA","categoria":"AOA alto aporte de grasa","calorias":94},{"nombre":"QUESO MANCHEGO","categoria":"AOA alto aporte de grasa","calorias":102},{"nombre":"QUESO OAXACA","categoria":"AOA alto aporte de grasa","calorias":95},{"nombre":"ADEREZO RANCH","categoria":"Aceites y Grasas","calorias":44},{"nombre":"SILK  COCO","categoria":"Aceites y Grasas con Proteína","calorias":43},{"nombre":"ARROZ CON PLATANO FRITO","categoria":"Platillos","calorias":362},{"nombre":"CHAMABARETE DE RES","categoria":"AOA muy bajo aporte grasa","calorias":42},{"nombre":"RAINBOW SALAD","categoria":"Platillos","calorias":434},{"nombre":"PALETA PAYASO","categoria":"Azucares con Grasa","calorias":85},{"nombre":"NUTELLA DE AVELLANA","categoria":"Azucares con Grasa","calorias":83},{"nombre":"DUVALÍN","categoria":"Azucares con Grasa","calorias":80},{"nombre":"CRUNCH","categoria":"Azucares con Grasa","calorias":106},{"nombre":"CHOCOLATE SNICKERS","categoria":"Azucares con Grasa","calorias":75},{"nombre":"CHOCOLATE MILKY WAY","categoria":"Azucares con Grasa","calorias":72},{"nombre":"SUAVICREMAS CHOCOLATE O FRESA","categoria":"Cereales con Grasa","calorias":104},{"nombre":"SOPE DE MAÍZ","categoria":"Cereales con Grasa","calorias":37},{"nombre":"TLACOYO","categoria":"Cereales con Grasa","calorias":72},{"nombre":"QUESO COTIJA","categoria":"AOA alto aporte de grasa","calorias":87},{"nombre":"LECHE ALPURA LIGHT EXTRA","categoria":"Leche Descremada","calorias":103},{"nombre":"VITALINEA BEBIBLE","categoria":"Leche Descremada","calorias":109},{"nombre":"VITALINEA SÓLIDO","categoria":"Leche Descremada","calorias":102},{"nombre":"NUECES MIXTAS","categoria":"Aceites y Grasas con Proteína","calorias":74},{"nombre":"TOSTADAS DE TOFU","categoria":"Platillos","calorias":148},{"nombre":"TACOS DE COLIFLOR Y CAMOTE","categoria":"Platillos","calorias":238},{"nombre":"ABULÓN FRESCO","categoria":"AOA muy bajo aporte grasa","calorias":42},{"nombre":"AGUAYÓN DE RES","categoria":"AOA muy bajo aporte grasa","calorias":42},{"nombre":"ALITAS DE POLLO","categoria":"AOA alto aporte de grasa","calorias":96},{"nombre":"ALITAS DE POLLO ENCHILADAS","categoria":"AOA alto aporte de grasa","calorias":86},{"nombre":"ALMEJA CRUDA SIN CONCHA","categoria":"AOA muy bajo aporte grasa","calorias":43},{"nombre":"ANCHOA EN ACEITE","categoria":"AOA bajo aporte de grasa","calorias":50},{"nombre":"ANCHOA FRESCA","categoria":"AOA muy bajo aporte grasa","calorias":39},{"nombre":"ANILLOS DE CALAMAR","categoria":"AOA muy bajo aporte grasa","calorias":34},{"nombre":"ARENQUE COCIDO","categoria":"AOA bajo aporte de grasa","calorias":51},{"nombre":"ARENQUE FRESCO CRUDO","categoria":"AOA bajo aporte de grasa","calorias":55},{"nombre":"BACALAO","categoria":"AOA muy bajo aporte grasa","calorias":37},{"nombre":"AHUAHUTLE SECO","categoria":"AOA muy bajo aporte grasa","calorias":39},{"nombre":"BAGRE","categoria":"AOA muy bajo aporte grasa","calorias":38},{"nombre":"CABRITO","categoria":"AOA muy bajo aporte grasa","calorias":36},{"nombre":"CALAMAR","categoria":"AOA muy bajo aporte grasa","calorias":41},{"nombre":"CAMARÓN CRUDO MEDIANO","categoria":"AOA muy bajo aporte grasa","calorias":38},{"nombre":"CAMARÓN GIGANTE","categoria":"AOA muy bajo aporte grasa","calorias":42},{"nombre":"CAMARÓN SECO","categoria":"AOA muy bajo aporte grasa","calorias":33},{"nombre":"CANGREJO COCIDO","categoria":"AOA muy bajo aporte grasa","calorias":41},{"nombre":"CARNE DE RES SECA","categoria":"AOA muy bajo aporte grasa","calorias":43},{"nombre":"CECINA","categoria":"AOA muy bajo aporte grasa","calorias":40},{"nombre":"CHARALES SECOS","categoria":"AOA muy bajo aporte grasa","calorias":38},{"nombre":"CLARA DE HUEVO EN POLVO","categoria":"AOA muy bajo aporte grasa","calorias":38},{"nombre":"CUETE DE RES","categoria":"AOA muy bajo aporte grasa","calorias":41},{"nombre":"ESCAMOLES","categoria":"AOA muy bajo aporte grasa","calorias":32},{"nombre":"JUGO DE ALMEJA","categoria":"AOA muy bajo aporte grasa","calorias":35},{"nombre":"PANCITA DE RES","categoria":"AOA muy bajo aporte grasa","calorias":40},{"nombre":"PULPO COCIDO","categoria":"AOA muy bajo aporte grasa","calorias":41},{"nombre":"PUNTA DE RES","categoria":"AOA muy bajo aporte grasa","calorias":36},{"nombre":"QUESO MOZZARELLA CERO GRASA","categoria":"AOA muy bajo aporte grasa","calorias":39},{"nombre":"QUESO SUIZO MUY BAJO EN GRASA","categoria":"AOA muy bajo aporte grasa","calorias":50},{"nombre":"ROAST BEEF","categoria":"AOA muy bajo aporte grasa","calorias":36},{"nombre":"ROBALO COCIDO","categoria":"AOA muy bajo aporte grasa","calorias":34},{"nombre":"SALMÓN AHUMADO","categoria":"AOA muy bajo aporte grasa","calorias":41},{"nombre":"SURIMI","categoria":"AOA muy bajo aporte grasa","calorias":39},{"nombre":"TAMPIQUEÑA","categoria":"AOA muy bajo aporte grasa","calorias":36},{"nombre":"TRUCHA","categoria":"AOA muy bajo aporte grasa","calorias":42},{"nombre":"CALAMAR FRITO","categoria":"AOA bajo aporte de grasa","calorias":61},{"nombre":"CARNE DE CERDO","categoria":"AOA bajo aporte de grasa","calorias":56},{"nombre":"CARNE MOLIDA","categoria":"AOA bajo aporte de grasa","calorias":54},{"nombre":"CARPA","categoria":"AOA bajo aporte de grasa","calorias":51},{"nombre":"CONEJO","categoria":"AOA bajo aporte de grasa","calorias":51},{"nombre":"CUETE DE TERNERA","categoria":"AOA bajo aporte de grasa","calorias":55},{"nombre":"OSTIÓN CRUDO","categoria":"AOA bajo aporte de grasa","calorias":61},{"nombre":"PANCITA DE CERDO","categoria":"AOA bajo aporte de grasa","calorias":55},{"nombre":"PASTRAMI DE PAVO","categoria":"AOA bajo aporte de grasa","calorias":59},{"nombre":"PECHUGA DE POLLO CON PIEL","categoria":"AOA bajo aporte de grasa","calorias":55},{"nombre":"PIERNA DE CERDO","categoria":"AOA bajo aporte de grasa","calorias":56},{"nombre":"PIERNA DE POLLO SIN PIEL COCIDA","categoria":"AOA bajo aporte de grasa","calorias":47},{"nombre":"QUESO CHEDDAR BAJO EN GRASA","categoria":"AOA bajo aporte de grasa","calorias":53},{"nombre":"QUESO RICOTTA REDUCIDO EN GRASA","categoria":"AOA bajo aporte de grasa","calorias":62},{"nombre":"RIB EYE SIN GRASA","categoria":"AOA bajo aporte de grasa","calorias":56},{"nombre":"T BONE SIN GRASA","categoria":"AOA bajo aporte de grasa","calorias":49},{"nombre":"CAVIAR","categoria":"AOA moderado aporte de grasa","calorias":67},{"nombre":"CHICHARRÓN","categoria":"AOA moderado aporte de grasa","calorias":72},{"nombre":"GUSANOS DE MAGUEY","categoria":"AOA moderado aporte de grasa","calorias":70},{"nombre":"HUEVO","categoria":"AOA moderado aporte de grasa","calorias":63},{"nombre":"MOZARELLA PARA FUNDIR","categoria":"AOA moderado aporte de grasa","calorias":294},{"nombre":"OREJAS DE CERDO","categoria":"AOA moderado aporte de grasa","calorias":66},{"nombre":"PATA DE CERDO","categoria":"AOA moderado aporte de grasa","calorias":71},{"nombre":"PIERNA DE POLLO CON PIEL COCIDA","categoria":"AOA moderado aporte de grasa","calorias":79},{"nombre":"QUESO PARMESANO","categoria":"AOA moderado aporte de grasa","calorias":75},{"nombre":"SARDINAS EN ACEITE","categoria":"AOA moderado aporte de grasa","calorias":75},{"nombre":"SARDINAS EN TOMATE","categoria":"AOA moderado aporte de grasa","calorias":71},{"nombre":"SUADERO","categoria":"AOA moderado aporte de grasa","calorias":76},{"nombre":"CARNE MOLIDA COCIDA","categoria":"AOA alto aporte de grasa","calorias":107},{"nombre":"CECINA DE RES","categoria":"AOA alto aporte de grasa","calorias":98},{"nombre":"CHEEZ WHIZ","categoria":"AOA alto aporte de grasa","calorias":91},{"nombre":"JAMÓN ENDIABLADO","categoria":"AOA alto aporte de grasa","calorias":100},{"nombre":"MORTADELA","categoria":"AOA alto aporte de grasa","calorias":99},{"nombre":"NUGUET DE QUESO","categoria":"AOA alto aporte de grasa","calorias":105},{"nombre":"OSTIÓN AHUMADO","categoria":"AOA alto aporte de grasa","calorias":109},{"nombre":"PALITOS DE PESCADO CONGELADOS","categoria":"AOA alto aporte de grasa","calorias":116},{"nombre":"PEPERONI","categoria":"AOA alto aporte de grasa","calorias":99},{"nombre":"POLLO CRISPY","categoria":"AOA alto aporte de grasa","calorias":106},{"nombre":"PULPA DE RES","categoria":"AOA alto aporte de grasa","calorias":87},{"nombre":"QUESO AMARILLO","categoria":"AOA alto aporte de grasa","calorias":100},{"nombre":"QUESO ASADERO","categoria":"AOA alto aporte de grasa","calorias":100},{"nombre":"QUESO BLUE CHEESE","categoria":"AOA alto aporte de grasa","calorias":106},{"nombre":"QUESO BRIE","categoria":"AOA alto aporte de grasa","calorias":102},{"nombre":"QUESO CHEDAR","categoria":"AOA alto aporte de grasa","calorias":85},{"nombre":"QUESO CREMA LIGHT","categoria":"AOA alto aporte de grasa","calorias":104},{"nombre":"QUESO DE CABRA DURO","categoria":"AOA alto aporte de grasa","calorias":91},{"nombre":"QUESO FETA","categoria":"AOA alto aporte de grasa","calorias":106},{"nombre":"QUESO GOUDA","categoria":"AOA alto aporte de grasa","calorias":107},{"nombre":"QUESO MENONITA","categoria":"AOA alto aporte de grasa","calorias":95},{"nombre":"QUESO MONTERREY","categoria":"AOA alto aporte de grasa","calorias":93},{"nombre":"QUESO MOZARELLA","categoria":"AOA alto aporte de grasa","calorias":105},{"nombre":"QUESO PROVOLONE","categoria":"AOA alto aporte de grasa","calorias":98},{"nombre":"QUESO RICOTTA","categoria":"AOA alto aporte de grasa","calorias":107},{"nombre":"QUESO ROQUEFORT","categoria":"AOA alto aporte de grasa","calorias":92},{"nombre":"QUESO SUIZO","categoria":"AOA alto aporte de grasa","calorias":106},{"nombre":"RIB EYE","categoria":"AOA alto aporte de grasa","calorias":82},{"nombre":"SALAMI","categoria":"AOA alto aporte de grasa","calorias":104},{"nombre":"SALCHICHA","categoria":"AOA alto aporte de grasa","calorias":114},{"nombre":"TRIPAS DE RES","categoria":"AOA alto aporte de grasa","calorias":109},{"nombre":"YEMA DE HUEVO","categoria":"AOA alto aporte de grasa","calorias":108},{"nombre":"LECHE DESCREMADA EN POLVO","categoria":"Leche Descremada","calorias":109},{"nombre":"YAKULT","categoria":"Leche Descremada","calorias":60},{"nombre":"YOGURT LIGHT","categoria":"Leche Descremada","calorias":95},{"nombre":"YOGURT OIKOS SABOR NATURAL","categoria":"Leche Semi-descremada","calorias":91},{"nombre":"JOCOQUE","categoria":"Leche Entera","calorias":126},{"nombre":"LECHE CLAVEL","categoria":"Leche Entera","calorias":150},{"nombre":"LECHE EN POLVO","categoria":"Leche Entera","calorias":159},{"nombre":"LECHE EVAPORADA","categoria":"Leche Entera","calorias":150},{"nombre":"MALTEADA DE CHOCOLATE","categoria":"Leche con Azúcar","calorias":198},{"nombre":"YOGURT DE FRUTA","categoria":"Leche con Azúcar","calorias":201},{"nombre":"CHILORIO","categoria":"Aceites y Grasas con Proteína","calorias":64},{"nombre":"JAMÓN SERRANO","categoria":"Aceites y Grasas con Proteína","calorias":70},{"nombre":"TOCINO","categoria":"Aceites y Grasas","calorias":44},{"nombre":"CREMA","categoria":"Aceites y Grasas","calorias":43},{"nombre":"ADEREZO","categoria":"Aceites y Grasas","calorias":8},{"nombre":"ADEREZO CÉSAR","categoria":"Aceites y Grasas","calorias":33},{"nombre":"ADEREZO HONEY MUSTARD","categoria":"Aceites y Grasas","calorias":36},{"nombre":"ADEREZO ITALIANO","categoria":"Aceites y Grasas","calorias":35},{"nombre":"ADEREZO MIL ISLAS","categoria":"Aceites y Grasas","calorias":28},{"nombre":"CREMA BATIDA","categoria":"Aceites y Grasas","calorias":42},{"nombre":"DIP","categoria":"Aceites y Grasas","calorias":48},{"nombre":"MANTECA DE CERDO","categoria":"Aceites y Grasas","calorias":39},{"nombre":"MANTEQUILLA","categoria":"Aceites y Grasas","calorias":47},{"nombre":"MANTEQUILLA REDUCIDA EN GRASA","categoria":"Aceites y Grasas","calorias":32},{"nombre":"MARGARINA","categoria":"Aceites y Grasas","calorias":39},{"nombre":"MARGARINA REDUCIDA EN GRASA","categoria":"Aceites y Grasas","calorias":42},{"nombre":"MAYONESA","categoria":"Aceites y Grasas","calorias":34},{"nombre":"MAYONESA VEGANA","categoria":"Aceites y Grasas","calorias":93},{"nombre":"MEDIA CREMA","categoria":"Aceites y Grasas","calorias":40},{"nombre":"QUESO CREMA BAJO EN GRASA","categoria":"Aceites y Grasas","calorias":32},{"nombre":"QUESO PHILADELPHIA","categoria":"Aceites y Grasas","calorias":46},{"nombre":"SALSA ALFREDO","categoria":"Aceites y Grasas","calorias":44},{"nombre":"TAMPICO","categoria":"Aceites y Grasas","calorias":52},{"nombre":"TOCINO AHUMADO","categoria":"Aceites y Grasas","calorias":44},{"nombre":"TOCINO FRITO","categoria":"Aceites y Grasas","calorias":39},{"nombre":"PROTEÍNA AISLADA DE SOYA","categoria":"Suplementos de Proteína","calorias":34},{"nombre":"PROTEÍNA BIRDMAN AZUL VARIOS SABORES","categoria":"Suplementos de Proteína","calorias":105},{"nombre":"PROTEÍNA CONCENTRADA DE SOYA","categoria":"Suplementos de Proteína","calorias":33},{"nombre":"AVENA CON LECHE","categoria":"Platillos","calorias":212},{"nombre":"EJOTES SALTEADOS","categoria":"Platillos","calorias":110},{"nombre":"TAMAL DE CARNE","categoria":"Cereales con Grasa","calorias":102},{"nombre":"PEPINO","categoria":"Verduras","calorias":20},{"nombre":"QUESO DE NUEZ DE LA INDIA","categoria":"Aceites y Grasas con Proteína","calorias":62},{"nombre":"BEBIDA VEGETAL SILK SIN AZÚCAR","categoria":"Leguminosas","calorias":82},{"nombre":"POLLO ORIENTAL","categoria":"Platillos","calorias":143},{"nombre":"POKE DE POLLO","categoria":"Platillos","calorias":235},{"nombre":"EJOTES CON POLLO","categoria":"Platillos","calorias":140},{"nombre":"CARNE CON VERDURAS SALTEADAS","categoria":"Platillos","calorias":174},{"nombre":"SALPICÓN DE RES","categoria":"Platillos","calorias":188},{"nombre":"SOPES DE CARNE","categoria":"Platillos","calorias":219},{"nombre":"SMOOTHIE DE PLÁTANO","categoria":"Platillos","calorias":241},{"nombre":"SMOOTHIE BOWL","categoria":"Platillos","calorias":439},{"nombre":"BATIDO DE PLÁTANO Y BERRIES","categoria":"Platillos","calorias":206},{"nombre":"ENSALADA DE QUINOA Y LENTEJA","categoria":"Platillos","calorias":306},{"nombre":"ENSALADA DE AGUACATE Y SALMÓN","categoria":"Platillos","calorias":348},{"nombre":"TACOS GOBERNADOR","categoria":"Platillos","calorias":332},{"nombre":"CAMARONES CON VERDURAS SALTEADAS","categoria":"Platillos","calorias":207},{"nombre":"TOFU REVUELTO","categoria":"Platillos","calorias":70},{"nombre":"ESPAGUETI CON QUESO FETA Y TOMATE CHERRY","categoria":"Platillos","calorias":180},{"nombre":"ATÚN A LA VIZCAÍNA","categoria":"Platillos","calorias":309},{"nombre":"ATÚN CON VERDURAS SALTEADAS","categoria":"Platillos","calorias":195},{"nombre":"POKE DE ATÚN","categoria":"Platillos","calorias":315},{"nombre":"ATÚN A LA VERACRUZANA","categoria":"Platillos","calorias":297},{"nombre":"SOPA FRÍA DE CODITO","categoria":"Platillos","calorias":199},{"nombre":"FIDEO CHINO","categoria":"Platillos","calorias":210},{"nombre":"ALAMBRE DE VERDURAS","categoria":"Platillos","calorias":95},{"nombre":"CHAYOTES A LA MEXICANA","categoria":"Platillos","calorias":96},{"nombre":"VERDURAS ASADAS","categoria":"Platillos","calorias":205},{"nombre":"YOGURT DE TOFU","categoria":"Platillos","calorias":154},{"nombre":"PROTEÍNA ORGAIN VARIOS SABORES","categoria":"Suplementos de Proteína","calorias":170},{"nombre":"ACEITUNA","categoria":"Aceites y Grasas","calorias":44},{"nombre":"QUESO MOZZARELLA REDUCIDO EN GRASA","categoria":"AOA moderado aporte de grasa","calorias":71},{"nombre":"VERDURAS GRATINADAS","categoria":"Platillos","calorias":144},{"nombre":"VERDURAS GRATINADAS VEGANAS","categoria":"Platillos","calorias":170},{"nombre":"TOFU A LA MEXICANA","categoria":"Platillos","calorias":99},{"nombre":"SOPA DE LENTEJAS","categoria":"Platillos","calorias":155},{"nombre":"SALCHICHA A LA MEXICANA","categoria":"Platillos","calorias":161},{"nombre":"ENSALADA SENCILLA","categoria":"Platillos","calorias":316},{"nombre":"SALPICÓN DE SETAS","categoria":"Platillos","calorias":167},{"nombre":"ELOTE PREPARADO","categoria":"Platillos","calorias":262},{"nombre":"POLLO CON PAPA","categoria":"Platillos","calorias":179},{"nombre":"CARNE CON PAPA","categoria":"Platillos","calorias":193},{"nombre":"ESPAGUETI CON VERDURAS","categoria":"Platillos","calorias":161},{"nombre":"ADEREZO DE CACAHUATE","categoria":"Platillos","calorias":56},{"nombre":"ADEREZO DE CILANTRO","categoria":"Platillos","calorias":61},{"nombre":"ADEREZO VEGANO DE CHIPOTLE","categoria":"Platillos","calorias":258},{"nombre":"ATÚN A LA MEXICANA","categoria":"Platillos","calorias":212},{"nombre":"MERMELADA","categoria":"Azucares sin Grasa","calorias":41},{"nombre":"TORTILLA DE MAÍZ","categoria":"Cereales sin Grasa","calorias":64},{"nombre":"PAN TOSTADO","categoria":"Cereales sin Grasa","calorias":64},{"nombre":"FRIJOL COCIDO","categoria":"Leguminosas","calorias":114},{"nombre":"ARROZ COCIDO","categoria":"Cereales sin Grasa","calorias":60},{"nombre":"PASTA INTEGRAL COCIDA","categoria":"Cereales sin Grasa","calorias":57},{"nombre":"ESPAGUETI","categoria":"Cereales sin Grasa","calorias":57},{"nombre":"LECHE DE SOYA","categoria":"Leche Descremada","calorias":79},{"nombre":"LECHE DESCREMADA","categoria":"Leche Descremada","calorias":86},{"nombre":"CONO DE HELADO","categoria":"Azucares sin Grasa","calorias":44},{"nombre":"TOSTADA DE NOPAL HORNEADA","categoria":"Cereales sin Grasa","calorias":67},{"nombre":"TOSTADAS","categoria":"Cereales con Grasa","calorias":94},{"nombre":"AGUACATE","categoria":"Aceites y Grasas","calorias":54},{"nombre":"HUMMUS","categoria":"Leguminosas","calorias":125},{"nombre":"TOTOPOS","categoria":"Cereales con Grasa","calorias":101},{"nombre":"CREMA DE CACAHUATE","categoria":"Aceites y Grasas con Proteína","calorias":63},{"nombre":"CHÍA","categoria":"Aceites y Grasas con Proteína","calorias":66},{"nombre":"LINAZA","categoria":"Cereales sin Grasa","calorias":18},{"nombre":"BOLILLO","categoria":"Cereales sin Grasa","calorias":65},{"nombre":"CAJETA","categoria":"Azucares sin Grasa","calorias":36},{"nombre":"COCO RALLADO","categoria":"Aceites y Grasas","calorias":44},{"nombre":"CROTONES","categoria":"Cereales sin Grasa","calorias":61},{"nombre":"GRANOLA BAJA EN GRASA","categoria":"Cereales sin Grasa","calorias":70},{"nombre":"PAPA AL HORNO","categoria":"Cereales sin Grasa","calorias":73},{"nombre":"PURÉ DE PAPA","categoria":"Cereales con Grasa","calorias":119},{"nombre":"PICO DE GALLO","categoria":"Platillos","calorias":27},{"nombre":"TORTILLA DE NOPAL","categoria":"Cereales sin Grasa","calorias":60},{"nombre":"VEGGIE BURRITO","categoria":"Platillos","calorias":249},{"nombre":"PASTA AL PEREJIL","categoria":"Platillos","calorias":225},{"nombre":"ENSALADA DE TOFU","categoria":"Platillos","calorias":309},{"nombre":"TORTITA DE PAPA","categoria":"Platillos","calorias":253},{"nombre":"IMITACIÓN QUESO PARA NACHOS","categoria":"Platillos","calorias":167},{"nombre":"GARBANZO CON CHAMPIÑONES Y ZANAHORIA","categoria":"Platillos","calorias":221},{"nombre":"ENSALADA ORIENTAL CON POLLO","categoria":"Platillos","calorias":297},{"nombre":"SÁNDWICH DE POLLO","categoria":"Platillos","calorias":951},{"nombre":"POLLO CON VEGETALES A LA PARRILLA","categoria":"Platillos","calorias":201},{"nombre":"PESCADO CON ACELGAS","categoria":"Platillos","calorias":139},{"nombre":"CODITOS DE ATÚN CON MAGO","categoria":"Platillos","calorias":319},{"nombre":"CALABACITAS RELLENAS DE PICADILLO","categoria":"Platillos","calorias":266},{"nombre":"FILETE DE CARNE CON PAPA","categoria":"Platillos","calorias":193},{"nombre":"TACO BOWL","categoria":"Platillos","calorias":420}]