"pregunta","respuesta"
"¿Qué es el ciclo del agua?","El ciclo del agua, también conocido como ciclo hidrológico, es el proceso continuo mediante el cual el agua se mueve en la Tierra y la atmósfera. Este ciclo incluye varios procesos: la evaporación (el agua se transforma en vapor y sube a la atmósfera), la condensación (el vapor de agua se enfría y forma nubes), la precipitación (el agua cae de las nubes en forma de lluvia, nieve, granizo, etc.), y la infiltración y escorrentía (el agua se filtra en el suelo o corre sobre la superficie terrestre, regresando a océanos, ríos y lagos). Este ciclo es esencial para la vida en la Tierra, ya que distribuye agua fresca a todos los ecosistemas."
"¿Cómo se forman las montañas?","Las montañas se forman principalmente por la tectónica de placas, el proceso mediante el cual las placas de la corteza terrestre se mueven y colisionan. Existen varias formas de formación de montañas: (1) Montañas de plegamiento, que se forman cuando dos placas tectónicas colisionan y el material rocoso en medio se pliega hacia arriba. (2) Montañas de bloque fallado, que se forman cuando una placa tectónica se rompe y los bloques de roca se elevan o hunden debido a la actividad tectónica. (3) Montañas volcánicas, que se forman por la acumulación de lava y ceniza alrededor de una abertura en la corteza terrestre. Cada tipo de montaña tiene características geológicas únicas que cuentan la historia de su formación."
"¿Qué es la fotosíntesis?","La fotosíntesis es el proceso por el cual las plantas, algas y algunas bacterias convierten la luz solar en energía química. Este proceso se lleva a cabo en los cloroplastos de las células vegetales, donde la clorofila absorbe la luz solar. Durante la fotosíntesis, las plantas toman dióxido de carbono del aire y agua del suelo, y utilizan la energía solar para convertir estos componentes en glucosa (un tipo de azúcar) y oxígeno. La ecuación química de la fotosíntesis es: 6CO2 + 6H2O + luz solar → C6H12O6 + 6O2. La glucosa es utilizada por la planta como fuente de energía y para crecer, mientras que el oxígeno es liberado al aire."
"¿Qué son los ecosistemas?","Un ecosistema es una comunidad de organismos vivos que interactúan entre sí y con su entorno físico en un área específica. Los ecosistemas incluyen componentes bióticos (organismos vivos, como plantas, animales y microorganismos) y abióticos (factores no vivos, como el clima, el suelo, el agua y los nutrientes). Los ecosistemas pueden variar en tamaño, desde una pequeña charca hasta un gran bosque o un océano. Las interacciones dentro de un ecosistema incluyen procesos como la depredación, la competencia, la simbiosis y el ciclo de nutrientes. Los ecosistemas son dinámicos y pueden cambiar con el tiempo debido a factores naturales y humanos."
"¿Qué es el sistema solar?","El sistema solar es un conjunto de objetos celestes que incluye al Sol y todo lo que orbita alrededor de él, como planetas, lunas, asteroides, cometas y polvo cósmico. El Sol, una estrella enana amarilla, es el centro del sistema solar y contiene el 99.86% de la masa total del sistema. Los planetas del sistema solar se dividen en dos categorías: planetas terrestres (Mercurio, Venus, Tierra y Marte) y planetas gigantes (Júpiter, Saturno, Urano y Neptuno). Además de estos planetas, hay numerosos planetas enanos como Plutón y cuerpos menores que también forman parte del sistema solar. Estos cuerpos celestes se mantienen en sus órbitas debido a la fuerza gravitacional del Sol."
"¿Cómo funcionan los imanes?","Los imanes funcionan mediante el magnetismo, una fuerza fundamental de la naturaleza. Un imán tiene dos polos, norte y sur, y genera un campo magnético alrededor de él. Cuando los polos opuestos de dos imanes se acercan, se atraen, mientras que los polos iguales se repelen. Los materiales ferromagnéticos, como el hierro, el níquel y el cobalto, pueden ser magnetizados y atraídos por los imanes. El campo magnético de un imán se debe a la alineación de los momentos magnéticos de los electrones en sus átomos. En los imanes permanentes, esta alineación es constante, mientras que en los electroimanes, el campo magnético se genera mediante una corriente eléctrica."
"¿Qué es el aparato digestivo?","El aparato digestivo es el sistema del cuerpo humano encargado de descomponer los alimentos, absorber los nutrientes y eliminar los desechos. Este proceso comienza en la boca, donde los alimentos se mastican y mezclan con la saliva. Luego, el alimento pasa por el esófago hacia el estómago, donde los jugos gástricos lo descomponen aún más. El quimo resultante se mueve al intestino delgado, donde la mayoría de los nutrientes se absorben a través de las paredes intestinales hacia el torrente sanguíneo. Los restos no digeridos pasan al intestino grueso, donde se absorbe agua y se forman las heces, que son eliminadas por el recto y el ano."
"¿Qué es un ciclo de vida?","Un ciclo de vida es la serie de etapas que atraviesa un organismo desde su nacimiento hasta su muerte. En el caso de los animales, el ciclo de vida puede incluir etapas como el nacimiento, el crecimiento, la reproducción y la muerte. Por ejemplo, el ciclo de vida de una mariposa incluye las etapas de huevo, larva (oruga), pupa (crisálida) y adulto (mariposa). En las plantas, el ciclo de vida incluye la germinación, el crecimiento vegetativo, la floración, la polinización, la formación de semillas y la dispersión de estas. Cada etapa del ciclo de vida está diseñada para asegurar la supervivencia y la reproducción del organismo."
"¿Qué son los recursos naturales?","Los recursos naturales son materiales y elementos que se encuentran en la naturaleza y que los seres humanos utilizan para satisfacer sus necesidades y deseos. Estos recursos se dividen en dos categorías principales: renovables y no renovables. Los recursos renovables, como la energía solar, el viento, el agua y los bosques, pueden regenerarse y, por lo tanto, no se agotan si se manejan de manera sostenible. Los recursos no renovables, como los combustibles fósiles (petróleo, gas natural, carbón) y los minerales (oro, plata, hierro), existen en cantidades limitadas y pueden agotarse con el tiempo. La gestión sostenible de los recursos naturales es crucial para el equilibrio ecológico y el bienestar humano."
"¿Qué es la materia?","La materia es todo aquello que tiene masa y ocupa espacio. Está compuesta por átomos, que son las unidades básicas de los elementos químicos. Los átomos se combinan de diferentes maneras para formar moléculas y compuestos, que constituyen la materia en sus diversas formas. La materia se presenta en cuatro estados principales: sólido, líquido, gas y plasma. Cada estado tiene características distintivas en cuanto a la disposición y movimiento de las partículas que la componen. Por ejemplo, en los sólidos, las partículas están muy juntas y vibran en posiciones fijas, mientras que en los gases, las partículas están muy separadas y se mueven libremente. La materia puede cambiar de un estado a otro mediante procesos físicos como la fusión, la evaporación, la condensación y la solidificación."
"¿Qué es la energía?","La energía es la capacidad de realizar trabajo o producir cambios. Existen diferentes formas de energía, como la energía cinética (asociada al movimiento), la energía potencial (almacenada en un objeto debido a su posición), la energía térmica (relacionada con el calor), la energía química (almacenada en enlaces químicos), y la energía eléctrica (producida por el movimiento de electrones). La energía puede transformarse de una forma a otra; por ejemplo, una planta convierte la energía solar en energía química durante la fotosíntesis. El principio de conservación de la energía establece que la energía no se crea ni se destruye, solo se transforma de una forma a otra."
"¿Qué es un ecosistema marino?","Un ecosistema marino es un ecosistema acuático que se encuentra en los océanos, mares y zonas costeras. Estos ecosistemas incluyen una amplia variedad de hábitats, como arrecifes de coral, estuarios, marismas, manglares y las profundidades marinas. Los ecosistemas marinos son hogar de una gran diversidad de organismos, desde el plancton microscópico hasta grandes mamíferos como las ballenas. Las interacciones en los ecosistemas marinos incluyen la cadena alimentaria, donde los productores (como las algas) son consumidos por herbívoros (como los peces pequeños), que a su vez son consumidos por carnívoros (como los tiburones). Los ecosistemas marinos son cruciales para la regulación del clima, la producción de oxígeno y el suministro de recursos pesqueros."
"¿Qué son las capas de la Tierra?","La Tierra está compuesta por varias capas distintas, cada una con características únicas. Estas capas son: (1) La corteza, la capa más externa y delgada, que incluye la corteza continental y la corteza oceánica. (2) El manto, una capa gruesa de roca sólida que fluye lentamente y se extiende hasta una profundidad de unos 2,900 kilómetros. (3) El núcleo externo, una capa líquida de hierro y níquel que se encuentra entre 2,900 y 5,150 kilómetros de profundidad. (4) El núcleo interno, una esfera sólida de hierro y níquel que se extiende desde los 5,150 kilómetros hasta el centro de la Tierra a unos 6,371 kilómetros de profundidad. Estas capas se formaron y se mantienen debido a la diferenciación y el enfriamiento del planeta."
"¿Qué es la atmósfera?","La atmósfera es la capa de gases que rodea la Tierra y es crucial para la vida en el planeta. Está compuesta principalmente de nitrógeno (78%) y oxígeno (21%), con pequeñas cantidades de otros gases como argón, dióxido de carbono, y vapor de agua. La atmósfera se divide en varias capas: (1) La troposfera, la capa más cercana a la superficie terrestre, donde ocurren los fenómenos meteorológicos. (2) La estratosfera, que contiene la capa de ozono, que protege a la Tierra de la radiación ultravioleta. (3) La mesosfera, donde se queman la mayoría de los meteoritos. (4) La termosfera, una capa con temperaturas muy altas donde se encuentran las auroras boreales. (5) La exosfera, la capa más externa, que se extiende hasta el espacio exterior."
"¿Qué es un ser vivo?","Un ser vivo es un organismo que tiene la capacidad de realizar funciones vitales como el crecimiento, la reproducción, la respuesta a estímulos, la homeostasis y el metabolismo. Los seres vivos se clasifican en varios reinos, incluyendo animales, plantas, hongos, protistas y bacterias. Cada ser vivo está compuesto por células, que son las unidades básicas de la vida. Los organismos pueden ser unicelulares (formados por una sola célula) o multicelulares (formados por muchas células). Los seres vivos también tienen material genético (ADN o ARN) que les permite transmitir sus características a la siguiente generación. La diversidad de la vida en la Tierra es el resultado de la evolución a lo largo de millones de años."
"¿Qué es la electricidad?","La electricidad es una forma de energía que se produce por el movimiento de electrones a través de un conductor. Existen dos tipos principales de electricidad: (1) La electricidad estática, que se produce por la acumulación de cargas eléctricas en un objeto, y (2) La electricidad dinámica o corriente eléctrica, que es el flujo continuo de electrones a través de un material conductor, como un cable de cobre. La electricidad es fundamental para la vida moderna, ya que se utiliza para alimentar una amplia variedad de dispositivos y sistemas, desde electrodomésticos y luces hasta equipos industriales y redes de comunicación. La generación de electricidad puede hacerse a partir de diversas fuentes, incluyendo combustibles fósiles, energía nuclear, energía solar, eólica e hidroeléctrica."
"¿Qué es el reciclaje?","El reciclaje es el proceso de convertir materiales usados o desechados en nuevos productos para prevenir el desperdicio de recursos útiles, reducir el consumo de materias primas, y disminuir la contaminación ambiental. Los materiales comúnmente reciclados incluyen papel, vidrio, metal, plástico y ciertos tipos de electrónicos. El reciclaje implica varias etapas: la recolección y separación de materiales reciclables, su procesamiento en productos reutilizables y la compra de productos hechos con materiales reciclados. El reciclaje contribuye a la conservación de los recursos naturales, la reducción de la contaminación y el ahorro de energía."
"¿Qué es la gravedad?","La gravedad es una fuerza fundamental de la naturaleza que atrae a los objetos con masa entre sí. En la Tierra, la gravedad es la fuerza que da peso a los objetos y hace que caigan al suelo cuando se dejan caer. La gravedad también mantiene a los planetas en órbita alrededor del Sol y a la Luna en órbita alrededor de la Tierra. La ley de la gravitación universal de Isaac Newton establece que la fuerza de la gravedad entre dos objetos es directamente proporcional al producto de sus masas e inversamente proporcional al cuadrado de la distancia entre ellos. La gravedad es esencial para la estructura y funcionamiento del universo."
"¿Qué es un hábitat?","Un hábitat es el entorno natural en el que vive una especie de organismo. Un hábitat proporciona a los organismos todo lo que necesitan para sobrevivir, como alimento, agua, refugio y un lugar para reproducirse. Los hábitats pueden variar ampliamente y pueden incluir bosques, desiertos, océanos, ríos, praderas y montañas. Cada especie está adaptada a vivir en un tipo específico de hábitat que satisface sus necesidades biológicas y ecológicas. La destrucción o alteración de los hábitats, generalmente causada por actividades humanas como la deforestación, la urbanización y la contaminación, puede poner en peligro la supervivencia de las especies que dependen de ellos."
"¿Qué es el sistema nervioso?","El sistema nervioso es el sistema del cuerpo humano responsable de coordinar y controlar las funciones y actividades del organismo. Está compuesto por dos partes principales: (1) El sistema nervioso central (SNC), que incluye el cerebro y la médula espinal, y (2) El sistema nervioso periférico (SNP), que comprende todos los nervios que se extienden desde la médula espinal a otras partes del cuerpo. El SNC procesa la información y toma decisiones, mientras que el SNP lleva mensajes entre el SNC y el resto del cuerpo. El sistema nervioso controla funciones vitales como el movimiento, la percepción sensorial, la regulación de los órganos internos, y el pensamiento y la emoción. Las neuronas, las células especializadas del sistema nervioso, son responsables de transmitir las señales eléctricas y químicas en todo el cuerpo."
"¿Qué es la biodiversidad?","La biodiversidad es la variedad de formas de vida en la Tierra, incluyendo la diversidad genética dentro de las especies, la diversidad de especies en un ecosistema, y la diversidad de ecosistemas en una región. La biodiversidad es crucial para la estabilidad y el funcionamiento de los ecosistemas, ya que cada especie desempeña un papel específico en su entorno. Los ecosistemas con alta biodiversidad son más resistentes a perturbaciones como enfermedades, cambios climáticos y actividades humanas. La conservación de la biodiversidad es esencial para el equilibrio ecológico, la sostenibilidad de los recursos naturales y el bienestar humano. Las principales amenazas a la biodiversidad incluyen la pérdida de hábitats, la sobreexplotación de recursos, la contaminación y el cambio climático."
"¿Qué es la célula?","La célula es la unidad básica de la vida. Todos los organismos vivos están formados por células, que pueden ser unicelulares (compuestos por una sola célula) o multicelulares (compuestos por muchas células). Las células tienen diferentes partes, cada una con funciones específicas: la membrana celular controla lo que entra y sale de la célula; el núcleo contiene el material genético (ADN); el citoplasma es el fluido que llena la célula; y las mitocondrias producen energía. Las células vegetales tienen cloroplastos para la fotosíntesis y una pared celular para soporte y estructura."
"¿Cómo funciona el corazón?","El corazón es un órgano muscular que bombea sangre a todo el cuerpo. Tiene cuatro cavidades: dos aurículas (superiores) y dos ventrículos (inferiores). La sangre desoxigenada entra al corazón a través de la aurícula derecha, pasa al ventrículo derecho y es enviada a los pulmones para recoger oxígeno. Luego, la sangre oxigenada regresa al corazón por la aurícula izquierda, pasa al ventrículo izquierdo y es bombeada al resto del cuerpo a través de la arteria aorta. El ritmo cardíaco es controlado por señales eléctricas en el sistema de conducción del corazón."
"¿Qué es la reproducción?","La reproducción es el proceso mediante el cual los organismos producen descendencia. Existen dos tipos principales de reproducción: asexual y sexual. En la reproducción asexual, un solo organismo produce descendientes genéticamente idénticos, como en la fisión binaria de las bacterias. En la reproducción sexual, dos organismos contribuyen con material genético para crear descendencia con una combinación de genes de ambos padres, como ocurre en los seres humanos y muchas otras especies. La reproducción sexual aumenta la diversidad genética, lo cual es beneficioso para la adaptación y evolución de las especies."
"¿Qué es el ADN?","El ADN (ácido desoxirribonucleico) es la molécula que contiene la información genética en los organismos vivos. Está compuesto por dos cadenas que forman una doble hélice, mantenidas juntas por pares de bases nitrogenadas (adenina con timina y citosina con guanina). El ADN se encuentra en el núcleo de las células eucarióticas y en el citoplasma de las procariotas. Los segmentos de ADN que llevan la información para producir proteínas se llaman genes. El ADN se replica antes de la división celular, asegurando que cada célula hija reciba una copia completa del material genético."
"¿Qué es la cadena alimentaria?","La cadena alimentaria es una serie de organismos cada uno de los cuales se alimenta del precedente y es alimento del siguiente. Comienza con los productores (plantas y algas) que convierten la energía solar en alimento a través de la fotosíntesis. Luego vienen los consumidores primarios (herbívoros), los consumidores secundarios (carnívoros que comen herbívoros), y los consumidores terciarios (carnívoros que comen otros carnívoros). Los descomponedores, como bacterias y hongos, descomponen los restos de organismos muertos, devolviendo nutrientes al suelo y completando el ciclo."
"¿Qué es la contaminación?","La contaminación es la introducción de sustancias o energía nocivas en el medio ambiente, que causan daño a los ecosistemas, la salud humana y la calidad de vida. Existen varios tipos de contaminación: del aire (gases tóxicos y partículas), del agua (vertidos químicos y plásticos), del suelo (pesticidas y desechos industriales), y acústica (ruido excesivo). La contaminación puede tener efectos devastadores en la fauna y flora, y contribuir al cambio climático. Es importante tomar medidas para reducir la contaminación mediante el uso de tecnologías limpias, el reciclaje y la reducción del consumo de recursos."
"¿Qué es el cambio climático?","El cambio climático es la variación a largo plazo en los patrones del clima de la Tierra, especialmente los cambios relacionados con el aumento de las temperaturas globales. Este fenómeno se debe principalmente a la acumulación de gases de efecto invernadero (como dióxido de carbono y metano) en la atmósfera, que atrapan el calor. Las actividades humanas, como la quema de combustibles fósiles, la deforestación y la agricultura intensiva, han acelerado el cambio climático. Sus efectos incluyen el aumento del nivel del mar, eventos climáticos extremos, pérdida de biodiversidad y cambios en los ecosistemas."
"¿Qué son los planetas?","Los planetas son cuerpos celestes que orbitan una estrella y no emiten luz propia. En nuestro sistema solar, hay ocho planetas principales: Mercurio, Venus, Tierra, Marte, Júpiter, Saturno, Urano y Neptuno. Los planetas se dividen en dos tipos: (1) Planetas terrestres, que son rocosos y tienen superficies sólidas (Mercurio, Venus, Tierra y Marte), y (2) Planetas gigantes, que son grandes y gaseosos (Júpiter, Saturno, Urano y Neptuno). Además, hay planetas enanos como Plutón. Cada planeta tiene características únicas en cuanto a tamaño, composición, atmósfera, y número de lunas."
"¿Qué es una estrella?","Una estrella es una esfera gigante de gas, principalmente hidrógeno y helio, que produce luz y calor mediante la fusión nuclear en su núcleo. Las estrellas varían en tamaño, temperatura y color. Las más calientes son azules, mientras que las más frías son rojas. El Sol es una estrella de tamaño medio y es esencial para la vida en la Tierra, ya que proporciona la energía necesaria para los procesos biológicos y climáticos. Las estrellas nacen en nebulosas y evolucionan a lo largo de millones o miles de millones de años, pasando por etapas como la de gigante roja o supernova, dependiendo de su masa."
"¿Qué es el clima?","El clima es el conjunto de condiciones atmosféricas que caracterizan una región durante largos periodos de tiempo, generalmente décadas o siglos. Incluye variables como la temperatura, la precipitación, la humedad, el viento y la presión atmosférica. El clima de una región determina los tipos de ecosistemas y las actividades humanas que pueden desarrollarse allí. Existen diferentes tipos de climas, como tropical, seco, templado, continental y polar, cada uno con características específicas. El clima se distingue del tiempo, que describe las condiciones atmosféricas a corto plazo en una ubicación específica."
"¿Qué es la luz?","La luz es una forma de energía que se desplaza en forma de ondas electromagnéticas. La luz visible es la parte del espectro electromagnético que pueden detectar nuestros ojos, y se presenta en diferentes colores que van del rojo al violeta. La velocidad de la luz en el vacío es de aproximadamente 299,792 kilómetros por segundo. La luz puede comportarse como onda y como partícula (fotón), y tiene propiedades como la reflexión, la refracción y la dispersión. La luz solar es esencial para la vida en la Tierra, ya que permite la fotosíntesis en las plantas y regula los ciclos biológicos."
"¿Qué es el sonido?","El sonido es una vibración que se propaga a través de un medio (como aire, agua o sólidos) en forma de ondas mecánicas. Estas ondas son detectadas por nuestros oídos y traducidas en señales eléctricas que el cerebro interpreta como sonidos. Las ondas sonoras tienen características como la frecuencia (que determina el tono) y la amplitud (que determina el volumen). El sonido se utiliza en la comunicación, la música, la detección de objetos (como en el sonar), y en muchas tecnologías modernas. La velocidad del sonido varía dependiendo del medio a través del cual viaja, siendo más rápida en sólidos y más lenta en gases."
"¿Qué es una galaxia?","Una galaxia es un enorme sistema de estrellas, gas, polvo y materia oscura, todos unidos por la gravedad. Las galaxias varían en tamaño y forma, y pueden contener desde miles hasta billones de estrellas. Nuestra galaxia, la Vía Láctea, es una galaxia espiral que contiene nuestro sistema solar. Existen otros tipos de galaxias, como las elípticas y las irregulares. Las galaxias se agrupan en cúmulos y supercúmulos, y pueden interactuar entre sí mediante colisiones y fusiones. El estudio de las galaxias ayuda a entender la formación y evolución del universo."
"¿Qué es la fotosíntesis?","La fotosíntesis es el proceso mediante el cual las plantas, las algas y algunas bacterias convierten la luz solar en energía química. Este proceso tiene lugar en los cloroplastos de las células vegetales, donde la clorofila absorbe la luz solar. Durante la fotosíntesis, el dióxido de carbono y el agua se transforman en glucosa y oxígeno. La ecuación general de la fotosíntesis es: 6CO2 + 6H2O + luz solar → C6H12O6 + 6O2. La glucosa producida se utiliza como fuente de energía y como material de construcción para las plantas, mientras que el oxígeno se libera al ambiente."
"¿Qué es la rotación de la Tierra?","La rotación de la Tierra es el giro de nuestro planeta sobre su propio eje. La Tierra rota de oeste a este, lo que hace que el Sol parezca moverse de este a oeste en el cielo. Una rotación completa dura aproximadamente 24 horas y es la razón por la cual experimentamos el ciclo de día y noche. La rotación también afecta la forma de la Tierra, haciéndola ligeramente achatada en los polos y ensanchada en el ecuador. Además, la rotación influye en el clima y los patrones de viento debido a la fuerza de Coriolis, que desvía los movimientos de aire y agua."
"¿Qué es la traslación de la Tierra?","La traslación de la Tierra es el movimiento de nuestro planeta alrededor del Sol en una órbita elíptica. Este movimiento tarda aproximadamente 365.25 días en completarse y es la base del año calendario. La inclinación del eje terrestre en relación con su órbita es la causa de las estaciones del año. Durante el año, la posición de la Tierra en su órbita cambia la cantidad de luz solar que diferentes partes del planeta reciben, resultando en variaciones estacionales en temperatura y duración del día. La traslación, junto con la rotación, influye en los ciclos naturales y climáticos de la Tierra."
"¿Qué son los continentes?","Los continentes son grandes extensiones de tierra sobre la superficie terrestre que están separadas por océanos. Existen siete continentes: África, América del Norte, América del Sur, Antártida, Asia, Europa y Oceanía. Cada continente tiene características geográficas, climáticas y biológicas únicas, así como una rica diversidad cultural y social. Los continentes han cambiado de forma y posición a lo largo del tiempo debido a la tectónica de placas, el proceso por el cual las placas terrestres se mueven y reconfiguran la superficie del planeta."
"¿Qué es la tectónica de placas?","La tectónica de placas es la teoría que explica el movimiento de las grandes placas rígidas que forman la litosfera terrestre. Estas placas se desplazan sobre la astenosfera, una capa más débil y plástica del manto superior. Los movimientos de las placas pueden ser divergentes (separándose), convergentes (colisionando) o transformantes (deslizándose lateralmente). La tectónica de placas es responsable de la formación de montañas, terremotos, volcanes y la creación y destrucción de la corteza oceánica. Esta teoría es fundamental para entender la dinámica geológica de la Tierra."
"¿Qué es un volcán?","Un volcán es una abertura en la corteza terrestre a través de la cual el magma, los gases y las cenizas son expulsados durante una erupción. Los volcanes se forman en los límites de las placas tectónicas y en puntos calientes dentro de las placas. Cuando el magma asciende desde el manto, se acumula en una cámara magmática antes de ser expulsado. Las erupciones volcánicas pueden ser explosivas, lanzando grandes cantidades de material al aire, o efusivas, con flujos de lava que se deslizan por las laderas del volcán. Los volcanes tienen formas variadas, incluyendo conos, escudos y calderas."
"¿Qué es un ecosistema?","Un ecosistema es una comunidad de organismos vivos que interactúan entre sí y con su entorno físico. Los ecosistemas pueden variar en tamaño y complejidad, desde un charco hasta una selva tropical. Incluyen factores bióticos (seres vivos) y abióticos (elementos no vivos como el clima, el suelo y el agua). Los componentes de un ecosistema están interconectados a través de redes tróficas, ciclos de nutrientes y flujos de energía. La salud de un ecosistema depende de su biodiversidad y de la estabilidad de sus interacciones. Los ecosistemas proporcionan servicios esenciales, como la purificación del agua, la polinización y la regulación del clima."
"¿Qué es la energía renovable?","La energía renovable es aquella que se obtiene de fuentes naturales que se regeneran de manera continua y sostenible. Estas fuentes incluyen la energía solar, eólica, hidroeléctrica, geotérmica y biomasa. La energía renovable es fundamental para reducir la dependencia de los combustibles fósiles, disminuir las emisiones de gases de efecto invernadero y combatir el cambio climático. Las tecnologías renovables han avanzado significativamente, haciendo que su uso sea más viable y accesible. La transición hacia una economía basada en energías renovables es crucial para el desarrollo sostenible y la protección del medio ambiente."
"¿Qué es un microscopio?","Un microscopio es un instrumento que permite observar objetos y detalles muy pequeños que no pueden verse a simple vista. Existen diferentes tipos de microscopios, siendo los más comunes el microscopio óptico, que utiliza luz visible y lentes para ampliar las imágenes, y el microscopio electrónico, que emplea electrones en lugar de luz para lograr aumentos mucho mayores. Los microscopios son herramientas esenciales en biología, medicina, y ciencias materiales, permitiendo el estudio de células, microorganismos, tejidos, y estructuras minúsculas en detalle."
"¿Qué es la fotosíntesis?","La fotosíntesis es el proceso mediante el cual las plantas, las algas y algunas bacterias utilizan la luz solar para convertir el dióxido de carbono y el agua en glucosa y oxígeno. Este proceso ocurre en los cloroplastos de las células vegetales, donde la clorofila captura la energía solar. La ecuación de la fotosíntesis es: 6CO2 + 6H2O + luz solar → C6H12O6 + 6O2. La glucosa producida es utilizada por las plantas como fuente de energía y como material de construcción para crecer. La fotosíntesis es fundamental para la vida en la Tierra, ya que produce el oxígeno que respiramos y es la base de la cadena alimentaria."
"¿Qué es el ciclo del agua?","El ciclo del agua, o ciclo hidrológico, es el proceso continuo mediante el cual el agua se mueve a través de la Tierra y la atmósfera. Comienza con la evaporación del agua de océanos, ríos y lagos, que asciende a la atmósfera como vapor de agua. El vapor se condensa en nubes y luego cae a la Tierra como precipitación (lluvia, nieve, etc.). Parte del agua se infiltra en el suelo y recarga los acuíferos subterráneos, mientras que el resto fluye por ríos y arroyos de vuelta a los océanos. Este ciclo es esencial para la distribución del agua dulce y el mantenimiento de los ecosistemas."
"¿Qué es el magnetismo?","El magnetismo es una fuerza física que ejerce un campo magnético sobre objetos que contienen materiales magnéticos como hierro, níquel y cobalto. Los imanes tienen dos polos, norte y sur, y los polos opuestos se atraen mientras que los polos iguales se repelen. El campo magnético terrestre es generado por el movimiento de hierro fundido en el núcleo externo de la Tierra y es lo que hace funcionar las brújulas. El magnetismo tiene muchas aplicaciones prácticas, incluyendo motores eléctricos, generadores, dispositivos de almacenamiento de datos y en la medicina, como en las resonancias magnéticas."
"¿Qué es un ecosistema marino?","Un ecosistema marino es un ecosistema acuático que se encuentra en los océanos y mares. Incluye una amplia variedad de hábitats como arrecifes de coral, manglares, estuarios, y zonas abisales. Los organismos marinos van desde microorganismos como el fitoplancton hasta grandes mamíferos como las ballenas. Estos ecosistemas son cruciales para la biodiversidad global, la regulación del clima y la economía humana a través de la pesca y el turismo. Los ecosistemas marinos enfrentan amenazas como la contaminación, la sobrepesca, y el cambio climático, lo que destaca la necesidad de su conservación."
"¿Qué es la electricidad estática?","La electricidad estática es una acumulación de carga eléctrica en la superficie de un objeto, que ocurre cuando hay un desequilibrio entre las cargas positivas y negativas. Este fenómeno se produce típicamente por fricción, como cuando se frota un globo contra el cabello, lo que hace que los electrones se transfieran y dejen una carga acumulada. La electricidad estática puede causar chispas y pequeños choques eléctricos cuando las cargas se equilibran repentinamente. Aunque generalmente es inofensiva, puede ser problemática en ciertos ambientes industriales o electrónicos, donde puede causar daños o interferencias."
"¿Qué es un eclipse?","Un eclipse es un fenómeno astronómico que ocurre cuando un objeto celeste se mueve en la sombra de otro. Los eclipses más comunes son los solares y los lunares. Un eclipse solar ocurre cuando la Luna pasa entre la Tierra y el Sol, bloqueando parcial o totalmente la luz solar. Un eclipse lunar ocurre cuando la Tierra se interpone entre el Sol y la Luna, proyectando su sombra sobre la Luna. Los eclipses pueden ser totales, parciales o anulares, dependiendo de la alineación exacta de los cuerpos celestes. Estos eventos han fascinado a las culturas humanas durante siglos y son importantes para el estudio de la astronomía."
"¿Qué es la fotosíntesis?","La fotosíntesis es el proceso mediante el cual las plantas, las algas y algunas bacterias utilizan la luz solar para convertir el dióxido de carbono y el agua en glucosa y oxígeno. Este proceso ocurre en los cloroplastos de las células vegetales, donde la clorofila captura la energía solar. La ecuación de la fotosíntesis es: 6CO2 + 6H2O + luz solar → C6H12O6 + 6O2. La glucosa producida es utilizada por las plantas como fuente de energía y como material de construcción para crecer. La fotosíntesis es fundamental para la vida en la Tierra, ya que produce el oxígeno que respiramos y es la base de la cadena alimentaria."
"¿Qué es el reciclaje?","El reciclaje es el proceso de recolectar y transformar materiales desechados en nuevos productos. Este proceso ayuda a conservar recursos naturales, reducir la cantidad de residuos enviados a los vertederos y disminuir la contaminación. Los materiales comunes que se reciclan incluyen papel, vidrio, metal y plástico. El reciclaje implica varias etapas: recolección, clasificación, limpieza y transformación. La participación activa en programas de reciclaje y la compra de productos reciclados son formas importantes en las que los individuos pueden contribuir a la sostenibilidad ambiental."
"¿Qué es la biodiversidad?","La biodiversidad es la variedad de formas de vida en la Tierra, incluyendo la diversidad de especies, genes y ecosistemas. Es fundamental para la salud de los ecosistemas, ya que cada especie cumple un papel específico en su entorno, contribuyendo a procesos como la polinización, la descomposición y la regulación del clima. La biodiversidad también tiene valor económico y cultural, proporcionando recursos como alimentos, medicinas y materiales, así como beneficios recreativos y espirituales. La pérdida de biodiversidad debido a la actividad humana, como la deforestación y la contaminación, amenaza la estabilidad de los ecosistemas y la supervivencia de muchas especies."
"¿Qué es la contaminación del aire?","La contaminación del aire es la presencia de sustancias nocivas en la atmósfera que pueden afectar la salud humana y el medio ambiente. Estas sustancias pueden ser partículas sólidas, líquidos o gases, y provienen de fuentes como vehículos, fábricas, incendios forestales y actividades agrícolas. Los contaminantes más comunes incluyen el dióxido de carbono (CO2), el monóxido de carbono (CO), los óxidos de nitrógeno (NOx), el dióxido de azufre (SO2) y las partículas finas (PM2.5 y PM10). La contaminación del aire puede causar problemas respiratorios, enfermedades cardiovasculares y dañar ecosistemas. Es crucial tomar medidas para reducir las emisiones y mejorar la calidad del aire."
"¿Qué es el ciclo del carbono?","El ciclo del carbono es el proceso mediante el cual el carbono se mueve a través de la atmósfera, la hidrosfera, la geosfera y la biosfera. Este ciclo es esencial para la vida en la Tierra y tiene varios componentes: la fotosíntesis, que convierte el dióxido de carbono en materia orgánica; la respiración, que devuelve el carbono a la atmósfera; la descomposición, que libera carbono de los organismos muertos; y la sedimentación, que almacena carbono en rocas y sedimentos. Las actividades humanas, como la quema de combustibles fósiles y la deforestación, han alterado el ciclo natural del carbono, contribuyendo al cambio climático."
"¿Qué es la energía eólica?","La energía eólica es la energía obtenida del viento. Se captura utilizando aerogeneradores, que convierten la energía cinética del viento en energía eléctrica. Los aerogeneradores tienen grandes palas que giran cuando el viento sopla, moviendo un rotor conectado a un generador. La energía eólica es una fuente de energía renovable y limpia, que no produce emisiones de gases de efecto invernadero ni contaminantes del aire. Es una de las formas de energía renovable de más rápido crecimiento en el mundo, y puede contribuir significativamente a la reducción de la dependencia de los combustibles fósiles."
"¿Qué es la energía solar?","La energía solar es la energía obtenida del sol. Se captura utilizando paneles solares, que convierten la luz solar en energía eléctrica mediante células fotovoltaicas, o mediante colectores solares, que utilizan el calor del sol para calentar agua o aire. La energía solar es una fuente de energía renovable y limpia, que no produce emisiones de gases de efecto invernadero ni contaminantes del aire. Es ampliamente utilizada en hogares y empresas para generar electricidad, calentar agua y proporcionar calefacción. La energía solar es esencial para la transición hacia un sistema energético sostenible."
"Explícame el sistema solar.","El sistema solar es un conjunto de cuerpos celestes que orbitan alrededor del Sol, nuestra estrella. Incluye ocho planetas (Mercurio, Venus, Tierra, Marte, Júpiter, Saturno, Urano y Neptuno), planetas enanos como Plutón, lunas, asteroides, cometas y meteoroides. El sistema solar se formó hace unos 4.6 mil millones de años a partir de una nube de gas y polvo. El Sol contiene más del 99% de la masa del sistema solar y es la fuente principal de energía. Cada planeta tiene características únicas, como la atmósfera, la composición y el número de lunas. Los cinturones de asteroides y la nube de Oort son regiones importantes donde se encuentran muchos objetos pequeños."
"Descríbeme la fotosíntesis.","La fotosíntesis es el proceso mediante el cual las plantas, algas y algunas bacterias convierten la luz solar en energía química. Este proceso ocurre en los cloroplastos, específicamente en la clorofila, que absorbe la luz solar. Durante la fotosíntesis, el dióxido de carbono (CO2) y el agua (H2O) se transforman en glucosa (C6H12O6) y oxígeno (O2). La ecuación general de la fotosíntesis es: 6CO2 + 6H2O + luz solar → C6H12O6 + 6O2. La glucosa sirve como fuente de energía y material de construcción para las plantas, mientras que el oxígeno es liberado al ambiente, siendo vital para la respiración de muchos organismos."
"Explícame cómo funciona el ciclo del agua.","El ciclo del agua, o ciclo hidrológico, es el movimiento continuo del agua en la Tierra. Comienza con la evaporación del agua de océanos, ríos y lagos debido al calor del Sol. El vapor de agua asciende y se condensa formando nubes. Cuando las gotas de agua en las nubes se juntan y crecen, caen a la Tierra como precipitación (lluvia, nieve, granizo). Parte del agua se infiltra en el suelo recargando acuíferos subterráneos, mientras que otra parte fluye como escorrentía hacia los cuerpos de agua. Este ciclo es crucial para distribuir el agua dulce, mantener los ecosistemas y regular el clima."
"Descríbeme el proceso de digestión en los seres humanos.","La digestión es el proceso mediante el cual los alimentos se descomponen en nutrientes que el cuerpo puede absorber. Comienza en la boca, donde los alimentos son masticados y mezclados con saliva que contiene enzimas digestivas. En el estómago, los alimentos se mezclan con jugos gástricos, convirtiéndose en una sustancia semi-líquida llamada quimo. El quimo pasa al intestino delgado, donde se mezclan con bilis del hígado y jugos pancreáticos. Aquí, la mayoría de los nutrientes se absorben a través de las paredes intestinales hacia el torrente sanguíneo. Los restos no digeridos pasan al intestino grueso, donde se absorbe agua y se forman las heces, que luego son expulsadas del cuerpo."
"Explícame cómo se produce la electricidad.","La electricidad se produce mediante la conversión de diversas formas de energía en energía eléctrica. Existen varios métodos, entre ellos: (1) Generación termoeléctrica, donde se quema combustible (carbón, gas, petróleo) para calentar agua y producir vapor, que hace girar una turbina conectada a un generador. (2) Energía hidroeléctrica, que utiliza la fuerza del agua en movimiento para hacer girar una turbina. (3) Energía eólica, donde el viento mueve las palas de un aerogenerador. (4) Energía solar fotovoltaica, que convierte la luz solar directamente en electricidad mediante paneles solares. Cada método utiliza un generador para transformar el movimiento en electricidad mediante la inducción electromagnética."
"Descríbeme los diferentes tipos de rocas.","Las rocas se clasifican en tres tipos principales según su origen: ígneas, sedimentarias y metamórficas. (1) Las rocas ígneas se forman a partir del enfriamiento y solidificación del magma o lava. Ejemplos incluyen el granito y el basalto. (2) Las rocas sedimentarias se forman por la acumulación y compactación de sedimentos, como arena, arcilla y restos de organismos. Ejemplos son la caliza y la arenisca. (3) Las rocas metamórficas se forman a partir de otras rocas que han sido sometidas a altas presiones y temperaturas, lo que cambia su estructura y composición. Ejemplos son el mármol y el esquisto. Cada tipo de roca tiene características y formaciones únicas, y su estudio es esencial para comprender la geología de la Tierra."
"Explícame cómo se originó la vida en la Tierra.","La vida en la Tierra se originó hace unos 3.8 mil millones de años a partir de moléculas orgánicas simples que se formaron en condiciones prebióticas. Una teoría prominente es la de la ""sopa primordial"", propuesta por Alexander Oparin y John Haldane, que sugiere que la atmósfera temprana de la Tierra, rica en metano, amoníaco, agua y hidrógeno, permitió la formación de moléculas orgánicas bajo la influencia de fuentes de energía como la radiación UV y descargas eléctricas. Estas moléculas se agruparon para formar protocélulas, estructuras simples que podían replicarse y evolucionar. Con el tiempo, estos organismos primitivos evolucionaron en complejidad, llevando a la biodiversidad que observamos hoy."
"Descríbeme el sistema nervioso humano.","El sistema nervioso humano es una red compleja de células especializadas, llamadas neuronas, que transmiten señales eléctricas y químicas por todo el cuerpo. Se divide en dos partes principales: el sistema nervioso central (SNC) y el sistema nervioso periférico (SNP). El SNC, compuesto por el cerebro y la médula espinal, es el centro de procesamiento y control. El SNP incluye nervios que se extienden por todo el cuerpo, conectando el SNC con órganos, músculos y piel. Las neuronas se comunican a través de sinapsis, donde se liberan neurotransmisores que transmiten la señal de una neurona a otra. Este sistema controla funciones vitales, percepciones sensoriales, movimientos y procesos cognitivos."
"Explícame la teoría de la evolución.","La teoría de la evolución, propuesta por Charles Darwin, explica cómo las especies cambian y se desarrollan a lo largo del tiempo mediante el proceso de selección natural. Según esta teoría, los individuos de una especie muestran variaciones en sus características, y aquellos con rasgos que les confieren una ventaja en su entorno tienen más probabilidades de sobrevivir y reproducirse. Estas características ventajosas se heredan en las generaciones futuras, lo que lleva a cambios graduales en la población. La evolución también puede ser influenciada por mutaciones genéticas, migración y deriva genética. La teoría de la evolución está respaldada por una vasta cantidad de evidencias provenientes de la biología, paleontología, genética y otras disciplinas científicas."
"Descríbeme el proceso de respiración celular.","La respiración celular es el proceso mediante el cual las células obtienen energía a partir de la glucosa. Ocurre en tres etapas principales: glucólisis, ciclo de Krebs y cadena de transporte de electrones. (1) Durante la glucólisis, que tiene lugar en el citoplasma, una molécula de glucosa se descompone en dos moléculas de piruvato, produciendo una pequeña cantidad de ATP (energía) y NADH (portador de electrones). (2) El piruvato se transporta a la mitocondria, donde se convierte en acetil-CoA y entra en el ciclo de Krebs, produciendo más NADH, FADH2 y una pequeña cantidad de ATP. (3) En la cadena de transporte de electrones, los electrones del NADH y FADH2 son transferidos a través de una serie de proteínas en la membrana mitocondrial interna, generando un gradiente de protones que impulsa la síntesis de una gran cantidad de ATP. El oxígeno es el aceptor final de electrones, formando agua. Este proceso es fundamental para la producción de energía en las células eucariotas."
"Explícame el ciclo de Krebs.","El ciclo de Krebs, también conocido como ciclo del ácido cítrico, es una serie de reacciones químicas que ocurren en la matriz de las mitocondrias. Es una parte crucial de la respiración celular y tiene como objetivo oxidar el acetil-CoA derivado de carbohidratos, grasas y proteínas para producir energía. En cada vuelta del ciclo, el acetil-CoA se combina con oxaloacetato para formar citrato, que luego se transforma en varios compuestos intermedios, liberando CO2 y produciendo NADH y FADH2. Estos portadores de electrones se utilizan posteriormente en la cadena de transporte de electrones para generar ATP. Además, el ciclo de Krebs produce GTP (equivalente a ATP) y regenera oxaloacetato para iniciar otra vuelta del ciclo."
"Descríbeme el sistema inmunológico.","El sistema inmunológico es la defensa del cuerpo contra infecciones y enfermedades. Se compone de barreras físicas (como la piel), barreras químicas (como el ácido estomacal) y células especializadas que identifican y destruyen patógenos. Se divide en dos partes principales: inmunidad innata e inmunidad adaptativa. La inmunidad innata es la primera línea de defensa, actuando rápidamente contra una amplia gama de patógenos mediante células como los macrófagos y los neutrófilos. La inmunidad adaptativa es más específica y lenta, y se activa cuando la inmunidad innata no es suficiente. Incluye linfocitos T y B, que reconocen antígenos específicos y forman memoria inmunológica, lo que permite una respuesta más rápida y eficiente en exposiciones futuras al mismo patógeno."
"Descríbeme el proceso de mitosis.","La mitosis es el proceso de división celular en el que una célula madre se divide para formar dos células hijas genéticamente idénticas. Ocurre en varias fases: (1) Profase: los cromosomas se condensan y la membrana nuclear se desintegra. Los centriolos se mueven a los polos opuestos de la célula y empiezan a formar el huso mitótico. (2) Metafase: los cromosomas se alinean en el ecuador de la célula, unidos por sus centrómeros a las fibras del huso mitótico. (3) Anafase: los centrómeros se dividen y las cromátidas hermanas se separan, moviéndose hacia los polos opuestos. (4) Telofase: los cromosomas llegan a los polos y se descondensan, y se forma una nueva membrana nuclear alrededor de cada conjunto de cromosomas. Finalmente, durante la citocinesis, el citoplasma se divide, resultando en dos células hijas. La mitosis es esencial para el crecimiento, el desarrollo y la reparación de los tejidos."
"Explícame cómo se produce la lluvia.","La lluvia se produce a través de un proceso que involucra la evaporación, condensación y precipitación del agua. El agua de océanos, ríos, lagos y otras superficies se evapora debido al calor del Sol, ascendiendo como vapor de agua. A medida que el vapor asciende, se enfría y se condensa en pequeñas gotas de agua alrededor de partículas en la atmósfera, formando nubes. Cuando estas gotas se agrupan y crecen lo suficiente, la fuerza de gravedad las hace caer a la Tierra como precipitación en forma de lluvia. Este proceso es una parte crucial del ciclo del agua, ayudando a distribuir el agua dulce y mantener el equilibrio en los ecosistemas."
"Descríbeme el sistema solar.","El sistema solar es un conjunto de cuerpos celestes que orbitan alrededor del Sol, nuestra estrella. Incluye ocho planetas (Mercurio, Venus, Tierra, Marte, Júpiter, Saturno, Urano y Neptuno), planetas enanos como Plutón, lunas, asteroides, cometas y meteoroides. El sistema solar se formó hace unos 4.6 mil millones de años a partir de una nube de gas y polvo. El Sol contiene más del 99% de la masa del sistema solar y es la fuente principal de energía. Cada planeta tiene características únicas, como la atmósfera, la composición y el número de lunas. Los cinturones de asteroides y la nube de Oort son regiones importantes donde se encuentran muchos objetos pequeños."
"Descríbeme cómo funcionan los músculos.","Los músculos funcionan mediante la contracción y relajación de las fibras musculares, que están compuestas por proteínas como la actina y la miosina. Cuando el cerebro envía una señal eléctrica a través de los nervios hacia el músculo, se libera calcio en las fibras musculares. El calcio permite que la miosina se una a la actina y deslice las fibras unas sobre otras, acortando el músculo y generando contracción. Este proceso se llama teoría del filamento deslizante. La energía para la contracción muscular proviene del ATP. La relajación muscular ocurre cuando se elimina el calcio y las fibras vuelven a su posición original. Los músculos están involucrados en el movimiento, el mantenimiento de la postura y la producción de calor corporal."
"Descríbeme el ciclo de Krebs.","El ciclo de Krebs, también conocido como ciclo del ácido cítrico, es una serie de reacciones químicas que ocurren en la matriz de las mitocondrias. Es una parte crucial de la respiración celular y tiene como objetivo oxidar el acetil-CoA derivado de carbohidratos, grasas y proteínas para producir energía. En cada vuelta del ciclo, el acetil-CoA se combina con oxaloacetato para formar citrato, que luego se transforma en varios compuestos intermedios, liberando CO2 y produciendo NADH y FADH2. Estos portadores de electrones se utilizan posteriormente en la cadena de transporte de electrones para generar ATP. Además, el ciclo de Krebs produce GTP (equivalente a ATP) y regenera oxaloacetato para iniciar otra vuelta del ciclo."
"Explícame la energía eólica.","La energía eólica es la energía obtenida del viento. Se captura utilizando aerogeneradores, que convierten la energía cinética del viento en energía eléctrica. Los aerogeneradores tienen grandes palas que giran cuando el viento sopla, moviendo un rotor conectado a un generador. La energía eólica es una fuente de energía renovable y limpia, que no produce emisiones de gases de efecto invernadero ni contaminantes del aire. Es una de las formas de energía renovable de más rápido crecimiento en el mundo, y puede contribuir significativamente a la reducción de la dependencia de los combustibles fósiles."
"Descríbeme el ciclo del nitrógeno.","El ciclo del nitrógeno es el proceso mediante el cual el nitrógeno se mueve a través de la atmósfera, el suelo y los organismos vivos. Este ciclo incluye varias etapas: (1) Fijación del nitrógeno: bacterias y ciertos procesos industriales convierten el nitrógeno atmosférico (N2) en amoníaco (NH3) o nitratos (NO3-), formas que pueden ser utilizadas por las plantas. (2) Asimilación: las plantas absorben los compuestos de nitrógeno y los utilizan para sintetizar proteínas y otros compuestos esenciales. (3) Amonificación: los organismos descomponen la materia orgánica, liberando amoníaco. (4) Nitrificación: bacterias nitrificantes convierten el amoníaco en nitritos (NO2-) y luego en nitratos. (5) Desnitrificación: bacterias desnitrificantes convierten los nitratos de vuelta en nitrógeno gaseoso (N2), completando el ciclo. Este proceso es crucial para mantener la fertilidad del suelo y el equilibrio ecológico."
"Explícame el proceso de fermentación.","La fermentación es un proceso metabólico que convierte los azúcares en ácidos, gases o alcohol en ausencia de oxígeno. Existen varios tipos de fermentación, siendo los más comunes la fermentación láctica y la fermentación alcohólica. (1) Fermentación láctica: realizada por bacterias y células musculares, convierte la glucosa en ácido láctico, produciendo ATP. Es crucial en la producción de alimentos como el yogur y el chucrut, y ocurre en los músculos durante el ejercicio intenso. (2) Fermentación alcohólica: llevada a cabo por levaduras, convierte la glucosa en etanol y dióxido de carbono, generando ATP. Este proceso es fundamental en la producción de bebidas alcohólicas y pan. La fermentación permite la generación de energía en condiciones anaeróbicas, siendo esencial para muchos organismos."
"Descríbeme cómo se forman los glaciares.","Los glaciares se forman a partir de la acumulación, compactación y recristalización de la nieve a lo largo de muchos años. Este proceso comienza en áreas donde la nieve se acumula más rápido de lo que se derrite. Con el tiempo, las capas de nieve se compactan bajo su propio peso, convirtiéndose en hielo. A medida que se agrega más nieve y se compacta, el hielo empieza a fluir lentamente hacia abajo debido a la gravedad. Este movimiento crea el característico flujo de los glaciares, que pueden esculpir el paisaje a su paso. Los glaciares son importantes reservas de agua dulce y juegan un papel crucial en la regulación del clima y los ecosistemas."
"Explícame la tectónica de placas.","La tectónica de placas es la teoría que describe el movimiento de las grandes placas rígidas que forman la litosfera terrestre. Estas placas flotan sobre la astenosfera, una capa más plástica del manto superior. Los movimientos de las placas son impulsados por la convección del manto, el empuje en las dorsales oceánicas y la tracción en las zonas de subducción. Las interacciones entre las placas pueden ser divergentes (separación), convergentes (colisión) o transformantes (deslizamiento lateral). Estos movimientos son responsables de la formación de montañas, terremotos, volcanes y la creación y destrucción de la corteza oceánica. La tectónica de placas es fundamental para entender la dinámica geológica de la Tierra."
"Explícame cómo se forma un arco iris.","Un arco iris se forma cuando la luz solar se descompone en sus colores componentes al pasar a través de gotas de agua en la atmósfera. El proceso incluye la refracción, reflexión interna y dispersión de la luz. Cuando la luz entra en una gota de agua, se refracta (o se dobla) y se dispersa en varios colores debido a las diferentes longitudes de onda. Luego, la luz se refleja internamente en la parte posterior de la gota y se refracta nuevamente al salir. Esta serie de refracciones y reflexiones causa la formación de un espectro de colores en forma de arco, con el rojo en el exterior y el violeta en el interior. Los arcoíris suelen aparecer frente a la luz del sol, con la fuente de luz detrás del observador."
"Explícame cómo se produce el sonido.","El sonido se produce cuando un objeto vibra, creando ondas de presión que se desplazan a través de un medio, como el aire, el agua o un sólido. Estas ondas de presión son detectadas por nuestros oídos y percibidas como sonido. El proceso comienza con una fuente de vibración que genera ondas sonoras longitudinales, donde las moléculas del medio se comprimen y rarifican alternadamente. La frecuencia de las ondas determina el tono del sonido, mientras que la amplitud determina el volumen. El sonido se desplaza a diferentes velocidades según el medio: más rápido en sólidos, seguido de líquidos y más lento en gases. La capacidad de percibir el sonido es crucial para la comunicación y la percepción del entorno."
"Descríbeme el ciclo del carbono.","El ciclo del carbono es el proceso mediante el cual el carbono se mueve a través de la atmósfera, la hidrosfera, la geosfera y la biosfera. Este ciclo es esencial para la vida en la Tierra y tiene varios componentes: la fotosíntesis, que convierte el dióxido de carbono en materia orgánica; la respiración, que devuelve el carbono a la atmósfera; la descomposición, que libera carbono de los organismos muertos; y la sedimentación, que almacena carbono en rocas y sedimentos. Las actividades humanas, como la quema de combustibles fósiles y la deforestación, han alterado el ciclo natural del carbono, contribuyendo al cambio climático."
"Explícame cómo se forman los volcanes.","Los volcanes se forman cuando el magma del interior de la Tierra asciende a la superficie debido a la presión interna. Esto puede ocurrir en varios contextos geológicos: (1) En los límites divergentes de placas, donde las placas tectónicas se separan y el magma asciende para formar nueva corteza oceánica. (2) En los límites convergentes de placas, donde una placa se subduce debajo de otra y el material fundido asciende a través de la corteza. (3) En los puntos calientes, donde el magma asciende desde el manto profundo en regiones no asociadas con límites de placas. La acumulación de magma puede causar erupciones volcánicas, liberando lava, gases y cenizas, y formando estructuras volcánicas como conos, calderas y montañas volcánicas."
"Descríbeme el proceso de la erosión.","La erosión es el proceso por el cual las rocas y el suelo se desgastan y se transportan de un lugar a otro por agentes naturales como el agua, el viento, el hielo y la gravedad. Este proceso comienza con la meteorización, que descompone las rocas en partículas más pequeñas. Luego, el agua de lluvia, ríos y olas puede transportar estos sedimentos; el viento puede mover partículas pequeñas en áreas secas; los glaciares pueden arrastrar rocas y tierra; y la gravedad puede causar deslizamientos de tierra. La erosión es un proceso natural que da forma a los paisajes, pero las actividades humanas, como la deforestación y la construcción, pueden acelerar significativamente este proceso, causando problemas como la pérdida de suelo fértil y la sedimentación en cuerpos de agua."
"Descríbeme la estructura de un átomo.","Un átomo es la unidad básica de la materia y está compuesto por tres partículas subatómicas principales: protones, neutrones y electrones. El núcleo del átomo contiene protones, que tienen carga positiva, y neutrones, que son neutros. Los electrones, que tienen carga negativa, orbitan alrededor del núcleo en regiones llamadas orbitales. La cantidad de protones en el núcleo determina el elemento químico del átomo y se conoce como número atómico. Los neutrones contribuyen a la masa del átomo pero no afectan su carga. Los electrones, aunque mucho más ligeros, juegan un papel crucial en las reacciones químicas y la formación de enlaces. La estructura atómica determina las propiedades químicas y físicas de un elemento."
"Descríbeme cómo funciona el corazón humano.","El corazón humano es un órgano muscular que bombea sangre a través del sistema circulatorio. Tiene cuatro cámaras: dos aurículas (superiores) y dos ventrículos (inferiores). La sangre desoxigenada entra en la aurícula derecha desde el cuerpo a través de las venas cavas y se bombea al ventrículo derecho, que la envía a los pulmones para oxigenarse. La sangre oxigenada regresa a la aurícula izquierda y se bombea al ventrículo izquierdo, desde donde es distribuida al resto del cuerpo a través de la aorta. Las válvulas cardíacas aseguran el flujo unidireccional de la sangre y evitan el retroceso. El ritmo cardíaco es controlado por el sistema eléctrico del corazón, específicamente el nodo sinoauricular (SA), que genera impulsos eléctricos que regulan las contracciones cardíacas."
"Descríbeme cómo funciona el sistema circulatorio.","El sistema circulatorio es responsable de transportar sangre, nutrientes, gases y desechos por todo el cuerpo. Incluye el corazón, los vasos sanguíneos (arterias, venas y capilares) y la sangre. El corazón bombea sangre oxigenada desde los pulmones hacia el resto del cuerpo a través de las arterias, y recoge sangre desoxigenada de vuelta hacia los pulmones a través de las venas. Los capilares, vasos sanguíneos diminutos, permiten el intercambio de gases, nutrientes y desechos entre la sangre y los tejidos. Este sistema es crucial para mantener la homeostasis, proporcionando oxígeno y nutrientes a las células, eliminando desechos y regulando la temperatura corporal."
"Explícame cómo funciona el sistema digestivo.","El sistema digestivo es responsable de descomponer los alimentos en nutrientes que el cuerpo puede absorber. Comienza en la boca, donde los alimentos son masticados y mezclados con saliva que contiene enzimas digestivas. Luego, los alimentos pasan por el esófago al estómago, donde se mezclan con jugos gástricos que descomponen proteínas y ácidos. El quimo resultante pasa al intestino delgado, donde se mezclan con bilis del hígado y jugos pancreáticos, descomponiendo grasas, carbohidratos y proteínas. Los nutrientes son absorbidos por las vellosidades del intestino delgado hacia el torrente sanguíneo. Los restos no digeridos pasan al intestino grueso, donde se absorbe agua y se forman las heces, que luego son expulsadas del cuerpo."
"¿Qué es el teorema de Pitágoras?","El teorema de Pitágoras es una relación fundamental en la geometría euclidiana entre los lados de un triángulo rectángulo. Establece que, en un triángulo rectángulo, el cuadrado de la longitud de la hipotenusa (el lado opuesto al ángulo recto) es igual a la suma de los cuadrados de las longitudes de los otros dos lados. Matemáticamente, se expresa como a2+b2=c2a^2 + b^2 = c^2a2+b2=c2, donde ccc es la hipotenusa y aaa y bbb son los otros dos lados. Este teorema se utiliza ampliamente en diversas aplicaciones de la matemática y la física."
"Explícame la fotosíntesis.","La fotosíntesis es el proceso mediante el cual las plantas, algas y algunas bacterias convierten la luz solar en energía química. Ocurre en los cloroplastos de las células vegetales, que contienen el pigmento clorofila. Durante la fotosíntesis, las plantas absorben dióxido de carbono (CO₂) y agua (H₂O) y, utilizando la energía de la luz solar, los convierten en glucosa (C₆H₁₂O₆) y oxígeno (O₂). La ecuación general del proceso es: 6CO2+6H2O+luz→C6H12O6+6O26CO₂ + 6H₂O + \text{luz} \rightarrow C₆H₁₂O₆ + 6O₂6CO2​+6H2​O+luz→C6​H12​O6​+6O2​. La fotosíntesis es fundamental para la vida en la Tierra, ya que proporciona el oxígeno que respiramos y la base de la cadena alimentaria."
"¿Qué fue la Revolución Francesa?","La Revolución Francesa fue un período de radical cambio social y político en Francia que duró desde 1789 hasta 1799. Comenzó con el colapso de la monarquía absoluta de Luis XVI y la crisis financiera del país, llevando a la convocatoria de los Estados Generales y la formación de la Asamblea Nacional. La Revolución se caracterizó por la abolición de los privilegios feudales, la declaración de los derechos del hombre y del ciudadano, y la eventual ejecución de Luis XVI. Terminó con el ascenso de Napoleón Bonaparte al poder. Este evento tuvo un impacto profundo en la historia de Francia y del mundo, promoviendo ideas de libertad, igualdad y fraternidad."
"Explícame las leyes de Newton.","Las leyes de Newton, formuladas por Sir Isaac Newton, son tres principios fundamentales que describen la relación entre el movimiento de un objeto y las fuerzas que actúan sobre él. (1) Primera ley (Ley de inercia): Un objeto en reposo permanecerá en reposo y un objeto en movimiento continuará en movimiento con velocidad constante a menos que una fuerza externa actúe sobre él. (2) Segunda ley (Ley de la fuerza y la aceleración): La aceleración de un objeto es directamente proporcional a la fuerza neta que actúa sobre él e inversamente proporcional a su masa, expresada como F=maF = maF=ma. (3) Tercera ley (Ley de acción y reacción): Para cada acción hay una reacción igual y opuesta. Estas leyes son la base de la mecánica clásica y se aplican a la mayoría de los problemas de movimiento y fuerzas."
"¿Qué es la tabla periódica?","La tabla periódica es una disposición tabular de los elementos químicos, ordenados por su número atómico, configuración electrónica y propiedades químicas recurrentes. La estructura de la tabla periódica muestra tendencias periódicas, como la electronegatividad, los radios atómicos y la energía de ionización. Los elementos se organizan en filas (periodos) y columnas (grupos o familias) que reflejan las propiedades químicas similares. La tabla periódica moderna se basa en la versión propuesta por Dmitri Mendeléyev en 1869 y es una herramienta esencial en química para predecir el comportamiento y las reacciones de los elementos."
"Explícame el ciclo del carbono.","El ciclo del carbono es el proceso mediante el cual el carbono se mueve a través de la atmósfera, la biosfera, los océanos y la geosfera. Incluye varios procesos clave: (1) Fotosíntesis: las plantas absorben dióxido de carbono (CO₂) del aire y lo convierten en materia orgánica. (2) Respiración: los organismos devuelven CO₂ a la atmósfera mediante la descomposición de materia orgánica. (3) Combustión: la quema de combustibles fósiles libera CO₂. (4) Descomposición: la materia orgánica se descompone, liberando carbono. (5) Sedimentación: el carbono se almacena a largo plazo en rocas y sedimentos. Este ciclo es fundamental para mantener el equilibrio del carbono en la Tierra y es crucial para la vida y el clima del planeta."
"¿Qué es el álgebra?","El álgebra es una rama de las matemáticas que se ocupa del estudio de las estructuras, las relaciones y las cantidades a través del uso de símbolos y letras para representar números y variables. Incluye la manipulación de ecuaciones y expresiones algebraicas, el estudio de polinomios, y la resolución de ecuaciones lineales, cuadráticas y de mayor grado. El álgebra es una herramienta fundamental en matemáticas, utilizada para resolver problemas en una amplia variedad de campos, incluyendo la física, la ingeniería, la economía y más."
"Explícame la teoría de la evolución.","La teoría de la evolución, formulada por Charles Darwin, sostiene que las especies cambian a lo largo del tiempo mediante un proceso de selección natural. Según esta teoría, los organismos mejor adaptados a su entorno tienen más probabilidades de sobrevivir y reproducirse, pasando sus características favorables a la siguiente generación. A lo largo de muchas generaciones, estas pequeñas variaciones acumuladas pueden llevar a la formación de nuevas especies. La teoría de la evolución está respaldada por una amplia gama de evidencias científicas, incluyendo registros fósiles, la biogeografía, la genética y la observación directa de la evolución en acción."
"¿Qué es la energía cinética?","La energía cinética es la energía que posee un objeto debido a su movimiento. Se define como el trabajo necesario para acelerar un objeto de una masa determinada desde el reposo hasta su velocidad actual. Matemáticamente, la energía cinética (KE) se expresa como KE=12mv2KE = \frac{1}{2} mv^2KE=21​mv2, donde mmm es la masa del objeto y vvv es su velocidad. Esta forma de energía depende tanto de la masa del objeto como de la velocidad con la que se mueve. La energía cinética es una parte fundamental de la mecánica y tiene aplicaciones en muchas áreas de la física y la ingeniería."
"Explícame la teoría atómica.","La teoría atómica es la idea científica de que toda la materia está compuesta de unidades fundamentales llamadas átomos. Los átomos están formados por un núcleo central que contiene protones y neutrones, y una nube de electrones que orbitan alrededor del núcleo. Los átomos pueden combinarse para formar moléculas y compuestos. La teoría atómica moderna se basa en el modelo cuántico, que describe las posiciones de los electrones en términos de probabilidades en lugar de órbitas definidas. Esta teoría explica la estructura y el comportamiento de la materia a nivel microscópico y es fundamental para la química y la física moderna."
"¿Qué es el imperialismo?","El imperialismo es una política o ideología en la que una nación extiende su control y dominio sobre otras tierras, generalmente a través de la conquista militar, la colonización o el control económico. Este fenómeno se intensificó en el siglo XIX y principios del XX, cuando las potencias europeas colonizaron vastas regiones de África, Asia y América Latina. El imperialismo a menudo se justificaba con ideas de superioridad racial y cultural, pero también estaba motivado por la búsqueda de recursos naturales, mercados y poder estratégico. Las consecuencias del imperialismo incluyen la explotación económica, cambios culturales forzados y conflictos que han perdurado en muchas de las ex-colonias hasta el presente."
"Explícame las ondas electromagnéticas.","Las ondas electromagnéticas son fluctuaciones de campos eléctricos y magnéticos que se propagan a través del espacio a la velocidad de la luz. No requieren un medio para propagarse, lo que les permite viajar a través del vacío. Estas ondas abarcan una amplia gama de longitudes de onda y frecuencias, desde las ondas de radio largas hasta los rayos gamma de alta energía. La luz visible es una pequeña parte del espectro electromagnético. Las ondas electromagnéticas se producen por la aceleración de partículas cargadas y tienen numerosas aplicaciones, incluyendo la comunicación (radio, televisión, internet), la medicina (rayos X), y la astronomía (telescopios)."
"¿Cuál fue el primer presidente de Bolivia?","El primer presidente constitucional de Bolivia fue Simón Bolívar. Después de liderar la guerra de independencia de gran parte de Sudamérica contra el dominio español, Bolívar fue nombrado presidente vitalicio de Bolivia en 1825. Sin embargo, renunció al cargo en 1826 después de sólo un año en el poder, dejando al mariscal Antonio José de Sucre como segundo presidente. Bolívar es considerado una figura fundacional en la historia de Bolivia y varios países de la región, ya que su lucha fue clave para la independencia de las naciones sudamericanas del yugo colonial español."
"¿Cuántos lados tiene un cuadrado?","Un cuadrado es una figura geométrica plana que tiene cuatro lados iguales y cuatro ángulos rectos (90 grados). Es un caso particular del rectángulo, donde todos los lados tienen la misma longitud. Esta propiedad de tener cuatro lados iguales y ángulos rectos es lo que define y caracteriza al cuadrado, distinguiéndolo de otras formas geométricas."
"¿Qué son los productores en una cadena alimentaria?","En una cadena alimentaria, los productores son los organismos autótrofos, es decir, aquellos capaces de fabricar su propio alimento a partir de compuestos inorgánicos y una fuente de energía como la luz solar (fotosíntesis) o la energía química. Los principales productores son las plantas, las algas y algunas bacterias fotosintetizadoras. Estos organismos forman la base de la cadena alimentaria, ya que convierten la energía lumínica o química en energía química almacenada en moléculas orgánicas, que luego es transferida a los consumidores (herbívoros, carnívoros, etc.) a través de las redes tróficas."
"¿Qué evento desencadenó la Primera Guerra Mundial?","El evento que desencadenó la Primera Guerra Mundial fue el asesinato del archiduque Francisco Fernando, heredero al trono del Imperio Austrohúngaro, ocurrido el 28 de junio de 1914 en Sarajevo (actual Bosnia y Herzegovina). El atentado fue llevado a cabo por Gavrilo Princip, un nacionalista serbio que formaba parte del grupo conocido como ""Joven Bosnia"". Este asesinato desencadenó una serie de declaraciones de guerra entre las principales potencias europeas, divididas en dos bloques: los Aliados (liderados por Francia, Rusia y Gran Bretaña) y las Potencias Centrales (encabezadas por Alemania y Austria-Hungría). Este enfrentamiento se extendió rápidamente a nivel global, dando inicio a la Primera Guerra Mundial."
"¿Qué cultura antigua construyó Machu Picchu?","Machu Picchu fue construida por la civilización inca, una de las culturas precolombinas más avanzadas de América del Sur. Esta impresionante ciudadela se encuentra ubicada en la cordillera de los Andes peruanos, a 2.430 metros sobre el nivel del mar. Se cree que Machu Picchu fue construida alrededor del año 1450 d.C. como residencia para el gobernante inca Pachacútec y su corte real. La arquitectura y las piedras labradas con precisión reflejan el increíble nivel de desarrollo alcanzado por los incas en ingeniería, astronomía y organización social. Machu Picchu es considerada una de las mayores maravillas arquitectónicas de la civilización inca y del mundo antiguo."
